"Time (min)","Large P","Large I","Large D","Normal PID"
0.0010000000000000152,20.165287807393828,20.089255415992646,20.089255415992646,20.089255415992646
0.002000999999999941,20.657324154432693,20.354955043393613,20.354955043393613,20.354955043393613
0.003001000000000074,21.468014046694776,20.792727585215076,20.792727585215076,20.792727585215076
0.004001000000000207,22.590729271976137,21.398993806867004,21.398993806867004,21.398993806867004
0.005001000000000339,24.018656845137123,22.170074696373895,22.170074696373895,22.170074696373895
0.006001000000000472,25.745125691938842,23.1023678736468,23.1023678736468,23.1023678736468
0.007001000000000605,27.763603699628547,24.19234599779916,24.19234599779916,24.19234599779916
0.008002000000000573,30.070139767614574,25.437875474511607,25.437875474511607,25.437875474511607
0.009002999999999838,32.6565789553443,26.834552635885615,26.834552635885615,26.834552635885615
0.010003999999999102,35.51677072282977,28.379056190327848,28.379056190327848,28.379056190327848
0.011004999999998367,38.64469280068878,30.06813411237177,30.06813411237177,30.06813411237177
0.012005999999997631,42.03444852155502,31.898602201639456,31.898602201639456,31.898602201639456
0.013006999999996896,45.680264206999695,33.86734267177942,33.86734267177942,33.86734267177942
0.01400799999999616,49.57648660881136,35.971302768757646,35.971302768757646,35.971302768757646
0.015008999999995425,53.717580403501294,38.20749341789019,38.20749341789019,38.20749341789019
0.016009999999995358,58.09812573892794,40.572987899020525,40.572987899020525,40.572987899020525
0.01701066666666701,62.70410300881779,43.064205164979185,43.0576280010164,43.060762539246895
0.01801066666666801,67.44145808052319,45.678972942845206,45.579091435837476,45.6266928646617
0.01901066666666901,72.28447190753367,48.416617615290924,48.11491885847821,48.25870215059098
0.02001066666667001,77.23074476369396,51.27440852013309,50.66474503748094,50.955297850965316
0.02101066666667101,82.27792699606405,54.24967191880419,53.228212398051774,53.71501855597336
0.02201066666667201,87.42371798413095,57.339789813230816,55.80497086287763,56.53643334489187
0.02301066666667301,92.66586512065103,60.54219878729991,58.394677696253936,59.41814115236568
0.02401066666667401,98.00216281367054,63.85438887240069,60.99699735144958,62.35877014785671
0.02501066666667501,103.43045150928538,67.2739024365426,63.61160132124401,65.35697712798853
0.02601066666667601,108.94861673470994,70.79833309655804,66.23816799157257,68.41144692152025
0.02701066666667701,114.55458816123294,74.42532465291225,68.87638249820999,71.52089180668425
0.02801066666667801,120.24633868664462,78.15257004664839,71.52593658643515,74.68405094063314
0.02901066666667901,126.02188353673499,81.97781033800865,74.18652847361138,77.89968980074505
0.03001066666668001,131.87927938546088,85.89883370628255,76.85786271462106,81.16659963753699
0.03101066666668101,137.81662349340107,89.91347447043788,79.53965007009887,84.48359693894857
0.03201066666668201,143.83205286411328,94.01961213010584,82.23160737740227,87.84952290575946
0.03301066666668301,149.9237434180227,98.21517042649543,84.9334574242638,91.26324293790708
0.03401133333335466,156.0346717937122,102.48704419240794,87.61751318033802,94.70458251795178
0.03501133333335566,161.97164135981717,106.78446185906196,90.18969998093912,98.1018420778007
0.03601133333335666,167.72905410857783,111.10642696486742,92.64763791299713,101.45337663737025
0.03701133333335766,173.3106976064542,115.45231558701626,94.99376197621733,104.76011155750031
0.03801133333335866,178.72028065341468,119.8215168823362,97.23045650722771,108.02295299372432
0.03901133333335966,183.96143491985563,124.21343281536683,99.36005623248415,111.24278829535399
0.04001133333336066,189.0377165495077,128.62747789208493,101.38484729929213,114.42048639627178
0.04101133333336166,193.95260772902864,133.06307889916417,103.30706828540133,117.55689819760222
0.04201133333336266,198.70951822498242,137.5196746486548,105.1289111876226,120.65285694242951
0.04301133333336366,203.31178688887246,141.9967157279668,106.85252238989847,123.70917858272978
0.04401133333336466,207.76268313090367,146.4936642550491,108.48000361125499,126.72666213867636
0.04501133333336566,212.06540836311325,151.00999363866077,110.0134128340562,129.70609005047993
0.04601133333336666,216.2230974125155,155.54518834361738,111.45476521296591,132.64822852291607
0.04701133333336766,220.238819904875,160.09874366092222,112.8060339650216,135.5538278626934
0.04801133333336866,224.1155816197276,164.67016548266994,114.06915124121146,138.4236228088096
0.04901133333336966,227.8563258172404,169.25897008163193,115.24600897993757,141.25833285604517
0.050012000000041315,231.46628654113792,173.867755442879,116.33916179066036,144.06051463603433
0.051012000000042315,234.872121055042,178.45556091562753,117.36054658050206,146.80016640579947
0.052012000000043315,238.01291963489976,182.99316179713773,118.32342492223835,149.45486118525358
0.053012000000044315,240.89438422050563,187.48155628843023,119.22904991525182,152.02639249657042
0.054012000000045315,243.52209806414422,191.92172189174917,120.07864858070789,154.51651656229527
0.055012000000046316,245.901528197261,196.3146158406643,120.8734224035305,156.92695308050284
0.056012000000047316,248.03802784587015,200.66117552123447,121.61454786311404,159.25938598384934
0.057012000000048316,249.93683879576798,204.96231888442026,122.30317695300664,161.51546418285105
0.058012000000049316,251.60309370859136,209.2189448499216,122.9404376897948,163.69680229371858
0.059012000000050316,253.041818389751,213.43193370162874,123.52743461141034,165.80498135105915
0.060012000000051316,254.25793400922652,217.60214747485207,124.06524926508416,167.8415495057762
0.061012000000052316,255.25625927621766,221.73043033550536,124.55494068515856,169.8080227084577
0.062012000000053316,256.0415125685988,225.8176089514095,124.99754586097016,171.70588537857068
0.06301200000005432,256.6183140181223,229.86449285588108,125.39408019500998,173.5365910597425
0.06401200000005532,256.991187552286,233.87187480376326,125.74553795156062,175.30156306142732
0.06501200000005632,257.1645628937746,237.8405311200585,126.05289269601371,177.00219508724004
0.06601200000005732,257.14277751834067,241.771222041318,126.31709772505397,178.63985185022744
0.06701266666672898,256.931946039152,245.6639508889377,126.54351133611601,180.21632953576798
0.06801266666672998,256.5614926535646,249.47417664104077,126.78447917421408,181.72395786491592
0.06901266666673098,256.0421489040593,253.19440984193386,127.05501152389716,183.16323378925983
0.07001266666673198,255.3771654293705,256.8265314553361,127.35445944275752,184.5356147608193
0.07101266666673298,254.56972515946168,260.372383345388,127.68218750875974,185.8425279069524
0.07201266666673398,253.6229447227509,263.83376908919695,128.0375735392367,187.08537066057633
0.07301266666673498,252.53987582409758,267.212454772505,128.42000831572443,188.26551137729362
0.07401266666673598,251.3235065941512,270.5101697688111,128.82889531451477,189.3842899396901
0.07501266666673698,249.9767629106608,273.7286075023135,129.26365044280865,190.4430183490777
0.07601266666673798,248.50250969232033,276.86942619498905,129.72370178035203,191.44298130493786
0.07701266666673898,246.90355216573306,279.9342495981517,130.20848932644003,192.3854367723262
0.07801266666673998,245.18263710604114,282.9246677088073,130.71746475218,193.2716165374832
0.07901266666674098,243.34245405177563,285.84223747111554,131.250091157901,194.10272675189992
0.08001266666674198,241.38563649446027,288.68848346328934,131.80584283560907,194.87994846507496
0.08101266666674298,239.31476304349522,291.464898570201,132.38420503637377,195.60443814620538
0.08201266666674398,237.13235856682692,294.1729446420288,132.98467374255074,196.2773281950294
0.08301266666674498,234.84089530792204,296.8140531392023,133.60675544473943,196.8997274420586
0.08401333333341662,232.4694326820599,299.3819959750459,134.25142656615853,197.4758313028495
0.08501333333341762,230.1101861085643,301.84613335510795,134.9204939789163,198.01434879384237
0.08601333333341862,227.7676075476861,304.2083293820176,135.61405003876482,198.51707782447173
0.08701333333341962,225.44138296119067,306.47075323281973,136.33154746743992,198.98478670883813
0.08801333333342062,223.1312048046225,308.63552895566363,137.07245039815825,199.41822776994158
0.08901333333342162,220.83677189239026,310.704736407686,137.83623413843404,199.81813767202033
0.09001333333342262,218.55778926565262,312.6804121734096,138.62238493782723,200.18523774598384
0.09101333333342362,216.29396806294992,314.5645504640518,139.43039976051358,200.52023430808325
0.09201333333342462,214.0450253935278,316.35910399814327,140.25978606258352,200.8238189719606
0.09301333333342562,211.810684213289,318.0659848638518,141.11006157396983,201.09666895420906
0.09401333333342662,209.5906732033239,319.68706536338027,141.98075408490587,201.3394473735891
0.09501333333342762,207.38472665096864,321.224178839818,142.87140123682153,201.55280354402146
0.09601333333342862,205.1925843333297,322.67912048681256,143.78155031758547,201.73737326149435
0.09701333333342962,203.01399140323267,324.05364814141274,144.7107580610009,201.8937790850063
0.09801333333343062,200.8486982775409,325.3494830604358,145.65859045047065,202.0226306116738
0.09901333333343162,198.69646052779362,326.56831068069863,146.62462252673916,202.12452474611717
0.10001400000010327,196.55562563317534,327.71251658688936,147.6090963710398,202.20008896791242
0.10101400000010427,194.47874630780083,328.76927015118696,148.5904228749874,202.25723107663424
0.10201400000010527,192.5100636919703,329.7290618576029,149.55058840316215,202.30340574540602
0.10301400000010627,190.64726431858332,330.5939816586234,150.49003347452006,202.33885066642569
0.10401400000010727,188.88808286225353,331.3660759999801,151.40918945271508,202.36379858258033
0.10501400000010827,187.2303011387973,332.04734872485204,152.30847873635878,202.37847739030795
0.10601400000010927,185.67174712551565,332.6397619592691,153.18831494532458,202.38311024032248
0.10701400000011027,184.21029400183644,333.1452369791272,154.04910310318266,202.377915636245
0.10801400000011127,182.84385920989212,333.56565505917774,154.89123981584416,202.36310753118923
0.10901400000011227,181.57040353462105,333.90285830437574,155.715113446488,202.33889542233177
0.11001400000011327,180.38793020298567,334.1586504639515,156.52110428685936,202.3054844435247
0.11101400000011427,179.29448400191106,334.3347977285671,157.30958472500197,202.26307545598027
0.11201400000011527,178.2881504145475,334.4330295109011,158.0809194095102,202.21186513707022
0.11301400000011627,177.36705477449277,334.4550392100198,158.83546541036344,202.15204606728224
0.11401400000011727,176.52936143758208,334.40248495985463,159.57357237642196,202.08380681536755
0.11501400000011827,175.77327297089627,334.27699036213494,160.2955826896448,202.00733202171978
0.11601400000011927,175.09702935861532,334.08014520408057,161.00183161610943,201.92280248001933
0.11701466666679092,174.49966802563668,333.81266407933447,161.69227653916317,201.83087494591166
0.11801466666679192,173.99382154391347,333.4687779544246,162.3564617865605,201.73833344082072
0.11901466666679292,173.58103324586057,333.04777680410035,162.99252928198862,201.64702535467632
0.12001466666679392,173.25928676112997,332.5513473944219,163.6010776555229,201.55692574485496
0.12101466666679492,173.02660770453636,331.9811413541648,164.1826930826541,201.46801018638138
0.12201466666679592,172.8810628034707,331.33877590509644,164.7379495431273,201.38025476117545
0.12301466666679692,172.8207590434472,330.6258345770849,165.26740907439748,201.2936360475152
0.12401466666679792,172.843842831405,329.84386790834145,165.77162201982028,201.2081311097255
0.12501466666679892,172.9484991764031,328.9943941311063,166.25112727168406,201.12371748807692
0.12601466666679992,173.1329508873329,328.0788998431029,166.70645250919074,201.04037318889533
0.12701466666680092,173.39545778731502,327.0988406650189,167.13811443149376,200.95807667487873
0.12801466666680192,173.7343159444092,326.05564188432896,167.54661898588972,200.8768068556113
0.12901466666680292,174.14785691831952,324.95069908574754,167.93246159127048,200.7965430782806
0.13001466666680392,174.6344470227535,323.7853787685667,168.29612735693206,200.71726511858122
0.13101466666680492,175.1924866031058,322.5610189511761,168.6380912968319,200.63895317181337
0.13201466666680592,175.82040932915788,321.27892976301086,168.9588185393992,200.56158784416084
0.13301466666680692,176.51668150247303,319.9403940242041,169.25876453298238,200.48515014415526
0.13401533333347856,177.27057958010772,318.54636279799735,169.54231674418733,200.41028619163237
0.13501533333347956,178.04993285593562,317.101879762936,169.82098831177976,200.33925388141012
0.13601533333348056,178.85254820659378,315.6073199043196,170.09587824714146,200.27207560582252
0.13701533333348156,179.67790277874943,314.0638039361997,170.3670631288134,200.2086688965015
0.13801533333348256,180.52548462403564,312.47242920277114,170.63461794594647,200.1489530012481
0.13901533333348357,181.39479247239137,310.83427016410945,170.8986161313299,200.09284884836958
0.14001533333348457,182.28533551011526,309.1503788718115,171.1591295937298,200.04027901175232
0.14101533333348557,183.19663316252974,307.4217854347479,171.41622874955968,199.99116767666246
0.14201533333348657,184.12821488116097,305.6494984751433,171.66998255389265,199.94544060625734
0.14301533333348757,185.07961993534406,303.8345055751756,171.92045853082564,199.9030251087926
0.14401533333348857,186.05039720815543,301.97777371429027,172.167722803216,199.8638500055103
0.14501533333348957,187.04010499659063,300.0802496974349,172.4118401217979,199.82784559919557
0.14601533333349057,188.0483108158901,298.14286057438676,172.65287389369774,199.79494364338495
0.14701533333349157,189.0745912079346,296.1665140503729,172.89088621035032,199.76507731221565
0.14801533333349257,190.1185315536206,294.1520988881482,173.1259378748409,199.73818117090386
0.14901533333349357,191.17972588913614,292.10048530172674,173.35808842867644,199.7141911468303
0.1500160000001652,192.25849469139527,290.01112307107906,173.5875493941661,199.69303130825054
0.1510160000001662,193.32627424878837,287.8946358313508,173.81952860349966,199.6745395950142
0.1520160000001672,194.35901576583808,285.7568481302429,174.05921140975872,199.65852337775664
0.1530160000001682,195.35746021869613,283.5982678691127,174.30642520439832,199.64492912240294
0.1540160000001692,196.3223331722687,281.41939232927535,174.56100097840638,199.63370440947125
0.1550160000001702,197.25434510049143,279.2207083927636,174.82277324748927,199.62479791091133
0.1560160000001712,198.15419169995414,277.00269275850235,175.09157997881158,199.61815936741692
0.1570160000001722,199.0225541970027,274.76581215399494,175.36726251925572,199.61373956621802
0.1580160000001732,199.86009964846386,272.51052354260435,175.64966552517845,199.611490319327
0.1590160000001742,200.66748123611677,270.2372743265313,175.9386368936187,199.61136444224167
0.1600160000001752,201.44533855504733,267.9465025455691,176.23402769494595,199.61331573308928
0.1610160000001762,202.19429789600983,265.63863707173203,176.53569210689463,199.61729895220535
0.1620160000001772,202.91497252191866,263.31409779983983,176.8434873499832,199.62326980213376
0.1630160000001782,203.60796293859843,260.9732958341357,177.15727362426503,199.6311849080465
0.1640160000001792,204.27385715990192,258.61663367103534,177.47691404739834,199.64100179856547
0.1650160000001802,204.9132309673252,256.24450537806956,177.80227459400396,199.652678886988
0.1660160000001812,205.52664816422097,253.85729676911203,178.13322403628,199.66617545290006
0.16701666666685286,206.11355991020613,251.45505878049576,178.46945286013064,199.68139048778968
0.16801666666685386,206.65620447366152,249.05646037381695,178.8055827476878,199.69741603879183
0.16901666666685486,207.1508575781718,246.66427771714123,179.1404367821652,199.7139980551698
0.17001666666685586,207.5985532426005,244.27842089159535,179.47403577089045,199.73112408382497
0.17101666666685686,208.00030396092725,241.89880180354612,179.8064000944938,199.74878193133796
0.17201666666685786,208.35710114959957,239.52533414671217,180.1375497157661,199.76695965857078
0.17301666666685886,208.66991558558556,237.1579333650662,180.46750418834046,199.78564557538397
0.17401666666685986,208.93969783532464,234.7965166165032,180.7962826651874,199.80482823545788
0.17501666666686086,209.16737867476505,232.44100273726698,181.12390390693437,199.82449643122902
0.17601666666686186,209.3538695006707,230.09131220711484,181.45038629001644,199.84463918892317
0.17701666666686286,209.5000627333814,227.74736711520876,181.7757478146514,199.86524576369993
0.17801666666686386,209.60683221120382,225.4090911267109,182.10000611265505,199.88630563489224
0.17901666666686486,209.6750335766064,223.07640945007367,182.4231784550894,199.90780850134576
0.18001666666686586,209.70550465438535,220.7492488050164,182.7452817597554,199.92974427685922
0.18101666666686686,209.69906582197746,218.42753739115716,183.06633259852654,199.95210308571396
0.18201666666686786,209.6565203720723,216.11120485730459,183.38634720453499,199.9748752583005
0.18301666666686886,209.57865486769157,213.8001822713836,183.7053414792024,199.99805132683383
0.1840173333335405,209.4681844466053,211.4984817923109,184.0216780755284,200.0214328589098
0.1850173333335415,209.3321530469891,209.22608335354198,184.32931257448124,200.04435971613452
0.1860173333335425,209.1714867635145,206.98207758260796,184.62824166400694,200.06681324277457
0.1870173333335435,208.98672498796955,204.7658932655545,184.91864856463138,200.08880327211585
0.1880173333335445,208.77839587547075,202.57697104015676,185.20071268701997,200.11033943309766
0.1890173333335455,208.54701657800317,200.41476314964297,185.47460971115024,200.1314311545631
0.1900173333335465,208.29309347310763,198.27873320153904,185.74051166384592,200.1520876694133
0.1910173333335475,208.01712238781406,196.16835593152115,185.99858699469462,200.17231801868252
0.1920173333335485,207.71958881792057,194.0831169721804,186.24900065039031,200.19213105552316
0.1930173333335495,207.40096814271783,192.02251262658672,186.49191414752875,200.21153544911277
0.1940173333335505,207.06172583525014,189.9860496465643,186.72748564389275,200.23053968847438
0.1950173333335515,206.70231766820604,187.97324501557028,186.9558700082544,200.24915208622056
0.1960173333335525,206.32318991553146,185.9836257360893,187.17721888872794,200.2673807822225
0.1970173333335535,205.9247795498534,184.01672862144085,187.39168077970066,200.28523374719737
0.1980173333335545,205.50751443579776,182.07210009192096,187.59940108737308,200.30271878622366
0.1990173333335555,205.07181351929611,180.1492959751721,187.8005221939374,200.31984354218235
0.20001800000022715,204.61778219140234,178.2466243119186,187.99531132657012,200.33662651341913
0.20101800000022815,204.15846568327478,176.37817166661083,188.1841716970178,200.35288173471076
0.20201800000022915,203.70485082747243,174.55308129788747,188.3678448668405,200.36847304959727
0.20301800000023015,203.2568229781249,172.7704475521513,188.5464398943733,200.3834145808238
0.20401800000023115,202.81426986800753,171.02938360094814,188.72006357032208,200.3977201573217
0.20501800000023215,202.37708155911434,169.32902104975406,188.88882046488752,200.41140332031455
0.20601800000023315,201.94515039425397,167.66850955488977,189.05281297391312,200.42447732929728
0.20701800000023415,201.51837094965944,166.0470164483963,189.21214136407025,200.43695516789074
0.20801800000023515,201.09663998857732,164.46372637070942,189.36690381710795,200.44884954957655
0.20901800000023615,200.67985641582248,162.91784091096198,189.5171964731798,200.46017292330848
0.21001800000023715,200.2679212332779,161.40857825476607,189.66311347327405,200.4709374790131
0.21101800000023815,199.86073749631808,159.93517283931206,189.8047470007582,200.4811551529705
0.21201800000023915,199.45821027113857,158.49687501563656,189.94218732206298,200.49083763308778
0.21301800000024015,199.06024659297384,157.09295071790848,190.07552282652077,200.4999963640586
0.21401800000024115,198.66675542518013,155.72268113958648,190.20484006537296,200.50864255241916
0.21501800000024215,198.27764761917217,154.3853624163086,190.33022378997194,200.5167871714991
0.21601800000024315,197.89283587518895,153.08030531537025,190.4517569891837,200.52444096626505
0.2170186666669148,197.51304333007062,151.8071828311508,190.56985448828328,200.5316206371409
0.2180186666669158,197.15108156087527,150.5808850347924,190.68743134874967,200.5383450804082
0.2190186666669168,196.8098793371656,149.4035576054518,190.8054341602743,200.5446341106585
0.2200186666669178,196.48899201869145,148.27415940298758,190.9238512031482,200.55049707184315
0.2210186666669188,196.187984218608,147.19167094691397,191.04267100407958,200.55594311343722
0.2220186666669198,195.9064296111658,146.15509396626643,191.16188233106962,200.560981194485
0.2230186666669208,195.64391074339494,145.1634509588163,191.28147418839458,200.56562008755455
0.2240186666669218,195.40001885070558,144.2157847594457,191.40143581169545,200.56986838261457
0.2250186666669228,195.17435367631938,143.3111581174968,191.52175666316262,200.57373449082976
0.2260186666669238,194.96652329445226,142.4486532828974,191.64242642682888,200.5772266482764
0.2270186666669248,194.7761439371746,141.62737160089415,191.76343500395512,200.58035291958095
0.2280186666669258,194.60283982486592,140.8464331152029,191.8847725085128,200.58312120148344
0.2290186666669268,194.44624300019532,140.10497617940797,192.00642926276103,200.5855392263267
0.2300186666669278,194.30599316555234,139.40215707643577,192.1283957929153,200.58761456547364
0.2310186666669288,194.18173752385425,138.73714964594149,192.25066282490548,200.5893546326513
0.2320186666669298,194.07313062266212,138.10914491943078,192.37322128022493,200.59076668722886
0.2330186666669308,193.97983420153736,137.51735076296993,192.4960622718612,200.59185783742544
0.23401933333360245,193.90197037832962,136.96368081772874,192.6193047943646,200.59266826603917
0.23501933333360345,193.84082175250043,136.4572675780297,192.74291283266055,200.59330223286605
0.23601933333360445,193.79607379226366,135.9973512961878,192.86696551148214,200.59377097794632
0.23701933333360545,193.7673705488992,135.58292975213962,192.9914505787773,200.59407808676582
0.23801933333360645,193.75436348586206,135.21302158914654,193.11635604011684,200.59422707014787
0.23901933333360745,193.7567113247321,134.88666588019214,193.24167015333947,200.59422136580437
0.24001933333360845,193.77407989436765,134.60292170339193,193.36738142330262,200.59406433985578
0.24101933333360945,193.806141983189,134.36086772622423,193.4934785967518,200.59375928831906
0.24201933333361045,193.85257719453833,134.15960179840334,193.61995065728513,200.59330943856386
0.24301933333361145,193.91307180504057,133.99824055321483,193.74678682043097,200.59271795074113
0.24401933333361245,193.9873186259105,133.8759190171311,193.87397652882652,200.59198791917788
0.24501933333361345,194.0750168671371,133.7917902275429,194.0015094474917,200.59112237374654
0.24601933333361445,194.17587200449836,133.74502485843615,194.12937545920667,200.5901242812045
0.24701933333361545,194.2895956493329,133.73481085384293,194.25756465998492,200.58899654650625
0.24801933333361645,194.41590542102134,133.7603530689143,194.38606735463608,200.5877420140865
0.24901933333361745,194.55452482211652,133.82087291845073,194.51487405242625,200.58636346911874
0.25002000000028857,194.70528588803475,133.9156835660418,194.64406116196017,200.5848626207733
0.2510210000002618,194.86347587000938,134.04711941556363,194.7723139225971,200.58330166712648
0.252022000000235,195.0248240111106,134.21717028691538,194.89844687514423,200.58173684348696
0.2530230000002082,195.18925816387616,134.42499154777238,195.0225035671012,200.58016826671698
0.25402400000018144,195.3567076880979,134.66975617708496,195.14452664064916,200.57859605121067
0.25502500000015466,195.5271034194608,134.95065439869188,195.26455785148246,200.57702030894643
0.2560260000001279,195.7003776388355,135.2668933225535,195.38263808724898,200.57544114953677
0.2570270000001011,195.87646404220916,135.61769659344833,195.4988073856059,200.57385868027842
0.2580280000000743,196.055297711242,136.0023040469773,195.6131049519019,200.57227300619908
0.2590290000000475,196.2368150844369,136.41997137272384,195.72556917648862,200.57068423010713
0.26003000000002074,196.4209539289077,136.86996978442343,195.836237651674,200.5690924526334
0.26103099999999396,196.6076533127358,137.35158569698729,195.94514718832193,200.56749777228165
0.2620319999999672,196.79685357790018,137.86412041025403,196.05233383210884,200.56590028546984
0.2630329999999404,196.98849631377269,138.406889799313,196.15783287943862,200.5643000865736
0.2640339999999136,197.18252433116277,138.97922401126974,196.26167889302891,200.56269726797075
0.26503499999988683,197.3788816369036,139.58046716832507,196.3639057171739,200.5610919200799
0.26603599999986005,197.5775134089664,140.20997707702267,196.46454649268617,200.55948413140368
0.26703666666650394,197.77764759230132,140.86684096719523,196.56353578226302,200.5578780817109
0.26803766666647716,197.9724263933235,141.55023499583467,196.66027707359333,200.55631068540023
0.2690386666664504,198.16002315200214,142.25918300392968,196.75459727017596,200.5547918943733
0.2700396666664236,198.34059039970722,142.9931136326419,196.84654714408043,200.55332068154414
0.2710406666663968,198.51427749174505,143.75146744824164,196.93617641081605,200.55189604120682
0.27204166666637003,198.68123067343114,144.53369669400774,197.02353375131,200.55051698859265
0.27304266666634325,198.8415931447855,145.33926504728234,197.1086668334299,200.5491825594338
0.27404366666631647,198.99550512388396,146.16764738158165,197.19162233305752,200.5478918095363
0.2750446666662897,199.14310390889037,147.0183295336574,197.27244595472408,200.5466438143635
0.2760456666662629,199.28452393880036,147.89080807540049,197.35118245181593,200.54543766862705
0.2770466666662361,199.41989685291963,148.78459009049126,197.4278756463626,200.54427248588598
0.27804766666620934,199.5493515491056,149.69919295569528,197.5025684484078,200.54314739815544
0.27904866666618255,199.67301424079915,150.63414412671054,197.57530287498378,200.54206155552046
0.28004966666615577,199.79100851286663,151.58898092846553,197.64612006868575,200.54101412576244
0.281050666666129,199.9034553762813,152.56325034978394,197.71506031586503,200.54000429399125
0.2820516666661022,200.01047332167087,153.55650884231724,197.782163064437,200.53903126228286
0.2830526666660754,200.11217837174576,154.5683221236615,197.84746694132596,200.5380942493276
0.2840533333327193,200.2076363936141,155.5962493285593,197.91121551444738,200.53719451264348
0.28505433333269253,200.29430244064733,156.63609137198105,197.97409464225763,200.5363353276872
0.28605533333266575,200.372180611722,157.6869826620585,198.03613515263336,200.53551638917398
0.28705633333263897,200.4414606991637,158.74866065823025,198.09735402072226,200.5347368375192
0.2880573333326122,200.50232854027908,159.82086831396748,198.1577678690278,200.53399583104323
0.2890583333325854,200.5549660996383,160.90335396245527,198.21739297474505,200.53329254559503
0.2900593333325586,200.5995515496385,161.995871204653,198.27624527694195,200.53262617419156
0.29106033333253184,200.63625934939773,163.09817879968065,198.33434038359408,200.53199592665845
0.29206133333250506,200.6652603220041,164.21004055748853,198.39169357847078,200.53140102927966
0.2930623333324783,200.68672173015602,165.33122523375718,198.44831982787815,200.5308407244568
0.2940633333324515,200.70080735023598,166.46150642698672,198.50423378726305,200.53031427037357
0.2950643333324247,200.70767754483703,167.60066247772298,198.55944980767944,200.52982094066672
0.29606533333239793,200.70748933378255,168.74847636988198,198.61398194211978,200.52936002410482
0.29706633333237115,200.70039646366916,169.9047356341269,198.6678439517137,200.52893082427298
0.29806733333234436,200.68654947596298,171.06923225325718,198.72104931179928,200.52853265926618
0.2990683333323176,200.66609577367936,172.24176256955946,198.77361121786905,200.52816486138605
0.30006899999896147,200.63919461196087,173.42170884632898,198.82552678158598,200.5278268575377
0.3010699999989347,200.60714119439743,174.60392487229484,198.87717303820415,200.52751132485565
0.3020709999989079,200.57095156977306,175.78356945413552,198.92878976764362,200.52721296090377
0.3030719999988811,200.5307165840782,176.96067405075877,198.98037653879285,200.52693139793058
0.30407299999885434,200.4865251887326,178.13526948871132,199.03193293055355,200.52666627584568
0.30507399999882756,200.43846448000377,179.30738597531303,199.08345853163223,200.5264172420595
0.3060749999988008,200.38661973759977,180.47705311151614,199.13495294033493,200.5261839513276
0.307075999998774,200.33107446246387,181.6442999044945,199.1864157643656,200.5259660655982
0.3080769999987472,200.27191041377654,182.80915477997675,199.23784662063053,200.52576325386116
0.30907799999872043,200.20920764519798,183.97164559431556,199.28924513504663,200.52557519200337
0.31007899999869365,200.1430445403483,185.13179964631328,199.34061094235153,200.52540156266505
0.31107999999866687,200.07349784754962,186.28964368879605,199.39194368591822,200.52524205509758
0.3120809999986401,200.00064271385145,187.44520393994947,199.4432430175779,200.52509636502754
0.3130819999986133,199.92455271834308,188.59850609441852,199.4945085974395,200.5249641945207
0.3140829999985865,199.84529990477628,189.74957533417577,199.5457400937166,200.52484525185108
0.31508399999855974,199.76295481350604,190.89843633916573,199.5969371825621,200.52473925137278
0.31608499999853296,199.67758651276964,192.0451132977235,199.64809954789612,200.524645913391
0.31708566666517685,199.58968100253134,193.188210193236,199.69917115153123,200.52456394780555
0.31808666666515006,199.50251699815152,194.31976352268003,199.74985976759203,200.5244842650757
0.3190876666651233,199.41685009263603,195.43764453988135,199.8000821217701,200.5244048578439
0.3200886666650965,199.332649459839,196.54212778276812,199.84984732471145,200.5243257217626
0.3210896666650697,199.2498849145396,197.63348208825937,199.89916429813266,200.52424685257245
0.32209066666504294,199.16852689910746,198.7119707108413,199.94804177875199,200.52416824610148
0.32309166666501615,199.08854647044924,199.7778514386869,199.99648832213364,200.52408989826364
0.32409266666498937,199.00991528722415,200.8313767073537,200.04451230645893,200.52401180505524
0.3250936666649626,198.93260559732818,201.872793711117,200.09212193621366,200.5239339625558
0.3260946666649358,198.8565902256369,202.90234451198992,200.13932524580127,200.5238563669249
0.327095666664909,198.78184256200296,203.92026614647338,200.18613010308076,200.5237790143996
0.32809666666488224,198.70833654950425,204.92679073008426,200.23254421282948,200.5237019012956
0.32909766666485546,198.63604667293583,205.92214555971424,200.2785751201348,200.52362502400214
0.3300986666648287,198.5649479475423,206.90655321385293,200.32423021371747,200.52354837898304
0.3310996666648019,198.49501590798297,207.88023165073346,200.36951672918173,200.52347196277333
0.3321006666647751,198.42622659752794,208.8433943044269,200.41444175220045,200.5233957719812
0.33310166666474833,198.35855655747764,209.79625017894784,200.45901222163232,200.5233198032818
0.3341023333313922,198.292885889437,210.73529412117156,200.5030642671835,200.52324225588862
0.33510333333136544,198.23114171274236,211.65366553361295,200.54628096469264,200.52315895124084
0.33610433333133866,198.17334111966554,212.55118040875368,200.58865107818096,200.52306987678566
0.3371053333313119,198.11939941598865,213.42827435404374,200.63019216570467,200.52297516005297
0.3381063333312851,198.06923367194887,214.28537391375394,200.67092142013314,200.52287492591026
0.3391073333312583,198.02276268553277,215.12289675750645,200.71085567674444,200.52276929662207
0.3401083333312315,197.97990694653163,215.94125186488628,200.75001142066603,200.52265839190062
0.34110933333120474,197.94058860134777,216.74083970621172,200.78840479415612,200.52254232896107
0.34211033333117796,197.90473141853093,217.52205241954462,200.82605160373703,200.52242122257306
0.3431113333311512,197.8722607550321,218.2852739840175,200.86296732717952,200.52229518511058
0.3441123333311244,197.84310352315885,219.0308803895552,200.89916712034014,200.52216432660234
0.3451133333310976,197.81718815821858,219.75923980306845,200.934665823858,200.5220287547822
0.34611433333107083,197.79444458683489,220.47071273118698,200.96947796971298,200.52188857513445
0.34711533333104405,197.77480419592206,221.16565217961,201.00361778764415,200.52174389094193
0.34811633333101727,197.7581998023083,221.84440380914018,201.03709921143943,200.52159480333216
0.3491173333309905,197.74456562298494,222.5073060884734,201.06993588508954,200.52144141131987
0.3501179999976344,197.73384137161653,223.1544110864001,201.10213066183155,200.52128385651315
0.3511189999976076,197.72604635993693,223.78070731567124,201.13372796653212,200.52112138870558
0.3521199999975808,197.72117826454178,224.38272638841235,201.16473590391266,200.520953694708
0.35312099999755403,197.71917343411258,224.96098456822068,201.19516666593526,200.52078089184374
0.35412199999752725,197.71996954416167,225.51598736821234,201.22503219101512,200.52060309498907
0.35512299999750047,197.72350556942806,226.04822977466472,201.2543441692944,200.5204204166209
0.3561239999974737,197.72972175685013,226.55819646600392,201.28311404780737,200.52023296686727
0.3571249999974469,197.73855959909682,227.04636202723935,201.31135303553623,200.52004085355827
0.3581259999974201,197.74996180865224,227.51319115993434,201.33907210836455,200.51984418227102
0.35912699999739334,197.76387229243795,227.9591388878133,201.36628201392475,200.51964305637782
0.36012799999736655,197.7802361269644,228.3846507580886,201.39299327634612,200.5194375770927
0.3611289999973398,197.79899953400007,228.79016303859984,201.41921620090568,200.51922784351592
0.362129999997313,197.8201098567426,229.17610291085234,201.44496087857794,200.51901395267708
0.3631309999972862,197.84351553648875,229.54288865904294,201.4702371904968,200.51879599957954
0.3641319999972594,197.86916608979115,229.89092985514904,201.4950548123144,200.5185740772411
0.36513299999723264,197.89701208608633,230.220627540171,201.5194232184817,200.5183482767369
0.36613399999720586,197.9270051257909,230.5323744016025,201.54335168642962,200.5181186872383
0.36713466666384975,197.95890099470023,230.82574297324237,201.56686545048805,200.51788558939063
0.36813566666382297,197.99141220194997,231.0964342616052,201.5901514814341,200.5176496950185
0.3691366666637962,198.02427612419316,231.3439179156889,201.61323720691405,200.51741129297653
0.3701376666637694,198.0574843947964,231.56869428195444,201.6361265094171,200.51717044284686
0.3711386666637426,198.09102882219779,231.77125328115307,201.65882319095408,200.51692720296577
0.37213966666371584,198.1249013862632,231.9520746252192,201.68133097473083,200.5166816304473
0.37314066666368906,198.15909423472016,232.11162802964807,201.7036535067883,200.51643378121153
0.3741416666636623,198.19359967966525,232.25037342145953,201.7257943576054,200.5161837100069
0.3751426666636355,198.2284101941424,232.36876114283234,201.74775702367225,200.51593147043573
0.3761436666636087,198.26351840879488,232.4672321505038,201.7695449290294,200.51567711497725
0.37714466666358193,198.29891710858632,232.54621821102228,201.79116142677293,200.5154206950127
0.37814566666355515,198.33459922958897,232.60614209193696,201.81260980053077,200.51516226084772
0.37914666666352836,198.37055785583877,232.64741774901034,201.83389326590856,200.51490186173257
0.3801476666635016,198.4067862162584,232.67045050953655,201.8550149719025,200.51463954588604
0.3811486666634748,198.44327768164004,232.67563725184775,201.87597800228562,200.514375360517
0.382149666663448,198.48002576169432,232.66336658108602,201.89678537696403,200.5141093518444
0.38315066666342124,198.51702410215907,232.63401900131498,201.91744005330514,200.51384156511952
0.3841513333300651,198.5536772090576,232.58696078117268,201.93793506174453,200.51357257233326
0.38515233333003834,198.5889007766961,232.52056714181987,201.95828103848766,200.51330307423325
0.38615333333001156,198.6226844780219,232.43522205773144,201.97847395051915,200.51303319667934
0.3871543333299848,198.6550589723732,232.3313400960654,201.99851671155912,200.51276295355416
0.388155333329958,198.68605428061016,232.20932717987947,202.0184121749879,200.51249235844418
0.3891563333299312,198.7156997983981,232.06958076796025,202.03816313509998,200.51222142464832
0.39015733332990443,198.74402430921177,231.91249003092003,202.0577723283336,200.51195016518196
0.39115833332987765,198.7710559970719,231.73843602362294,202.07724243447376,200.51167859278456
0.39215933332985087,198.7968224590158,231.54779185402933,202.09657607783063,200.51140671992385
0.3931603333298241,198.82135071730798,231.34092284852565,202.11577582839246,200.51113455880298
0.3941613333297973,198.84466723139678,231.11818671381488,202.13484420295592,200.51086212136508
0.3951623333297705,198.8667979096235,230.87993369544074,202.15378366623352,200.5105894192993
0.39616333332974374,198.88776812068724,230.62650673301368,202.17259663193443,200.51031646404363
0.39716433332971696,198.90760270486834,230.35824161220745,202.19128546382578,200.51004326679444
0.3981653333296902,198.92632598502564,230.07546711359493,202.20985247677368,200.50976983850953
0.3991663333296634,198.94396177735769,229.778505158385,202.2282999377568,200.5094961899102
0.4001669999963073,198.9605194433817,229.46778085635535,202.24662167328805,200.5092224332115
0.4011679999962805,198.9756382111305,229.1435846727365,202.26472629388977,200.50894887689614
0.4021689999962537,198.98913028455146,228.806417896226,202.28255500577268,200.50867587117585
0.40316999999622694,199.001030814691,228.45657006300976,202.30011344758836,200.50840340973917
0.40417099999620015,199.01137422007739,228.09432466666019,202.31740714079504,200.50813148640205
0.40517199999617337,199.02019420195748,227.71995928385675,202.33444149209524,200.50786009510355
0.4061729999961466,199.02752375922066,227.33374569748332,202.35122179582262,200.50758922990252
0.4071739999961198,199.0333952030104,226.935950017173,202.36775323628004,200.5073188849771
0.408174999996093,199.037840171031,226.52683279733904,202.38404089002734,200.50704905462158
0.40917599999606624,199.0408896415583,226.10664915275473,202.40008972812302,200.50677973324377
0.41017699999603946,199.04257394715745,225.67564887172708,202.4159046183194,200.50651091536244
0.4111779999960127,199.04292278811823,225.2340765269173,202.43149032721072,200.50624259560533
0.4121789999959859,199.0419652456067,224.78217158385314,202.4468515223369,200.5059747687069
0.4131799999959591,199.03972979454596,224.32016850718884,202.4619927742449,200.50570742950654
0.41418099999593233,199.03624431622853,223.84829686474976,202.47691855850465,200.50544057294428
0.41518199999590555,199.03153611066693,223.36678142941636,202.4916332576874,200.50517419406196
0.41618299999587877,199.025631908686,222.87584227888672,202.5061411632979,200.50490828799883
0.41718366666252266,199.0186230006983,222.3762737574122,202.52043155584803,200.50464296305725
0.4181846666624959,199.0108787577635,221.87024154738455,202.53446131895697,200.50437817563957
0.4191856666624691,199.00247172702126,221.35841461277928,202.5482223078373,200.5041140275546
0.4201866666624423,198.99341651995502,220.84092982365215,202.56172009039858,200.50385051037392
0.4211876666624155,198.98372744327807,220.31792118657694,202.57496011875244,200.50358761583934
0.42218866666238875,198.9734185052733,219.7895199042259,202.58794773161736,200.50332533586064
0.42318966666236196,198.96250342200372,219.25585443371293,202.60068815668126,200.50306366251024
0.4241906666623352,198.95099562339104,218.71705054372248,202.6131865129093,200.5028025880217
0.4251916666623084,198.93890825916858,218.17323137044988,202.625447812806,200.5025421047831
0.4261926666622816,198.92625420471072,217.62451747237853,202.63747696463042,200.50228220533774
0.42719366666225483,198.9130460667413,217.0710268839164,202.64927877456273,200.50202288237955
0.42819466666222805,198.89929618892137,216.51287516791882,202.6608579488289,200.5017641287479
0.42919566666220127,198.8850166573249,215.95017546711526,202.6722190957801,200.5015059374277
0.4301966666621745,198.87021930579496,215.38303855447322,202.68336672792844,200.5012483015441
0.4311976666621477,198.85491572119386,214.8115728825043,202.6943052639401,200.50099121436162
0.4321986666621209,198.83911724853934,214.23588463155295,202.70503903058838,200.50073466927918
0.43319966666209414,198.82283499603787,213.65607775707682,202.71557226466368,200.50047865982765
0.43420033332873803,198.80639796425243,213.07430930295823,202.7259197488252,200.50022322162806
0.43520133332871125,198.79030907500717,212.4932871308216,202.73611505578575,200.4999681089951
0.43620233332868447,198.7745738801822,211.91324077256743,202.7461582224484,200.4997134024334
0.4372033333286577,198.75918500326512,211.33416104554948,202.7560523536366,200.499459098399
0.4382043333286309,198.74413522120815,210.75603894701493,202.7658004896486,200.49920519341745
0.4392053333286041,198.72941746123567,210.17886565037472,202.77540560759783,200.4989516840797
0.44020633332857734,198.71502479771667,209.60263250154998,202.7848706227297,200.49869856704524
0.44120733332855055,198.7009504491052,209.02733101539297,202.79419838970563,200.49844583903655
0.4422083333285238,198.6871877749418,208.4529528721862,202.80339170386523,200.49819349684014
0.443209333328497,198.67373027292106,207.87948991421052,202.8124533024594,200.49794153730426
0.4442103333284702,198.6605715760156,207.30693414238777,202.82138586585947,200.49768995733737
0.4452113333284434,198.64770544966296,206.73527771299072,202.83019201873975,200.4974387539085
0.44621233332841664,198.63512578900898,206.16451293442267,202.83887433123502,200.49718792404377
0.44721333332838986,198.62282661621146,205.59463226406572,202.8474353200777,200.49693746482748
0.4482143333283631,198.6108020777951,205.0256283051898,202.85587744970556,200.49668737339772
0.4492153333283363,198.59904644206878,204.4574938039307,202.8642031333517,200.49643764694906
0.4502159999949802,198.587569872003,203.8905461060652,202.87241258571044,200.49618836151268
0.4512169999949534,198.5767025855481,203.32828605400076,202.88052983448506,200.49593922819477
0.4522179999949266,198.56659232608806,202.77258485022804,202.8885614537915,200.49569027523242
0.45321899999489984,198.5572228148532,202.22331119854573,202.8965091416119,200.49544150387865
0.45421999999487306,198.54857811223576,201.68033652881078,202.9043745606914,200.4951929153552
0.4552209999948463,198.54064261072983,201.14353494023507,202.91215933927043,200.49494451085314
0.4562219999948195,198.53340102802497,200.61278314586437,202.91986507180093,200.49469629153464
0.4572229999947927,198.5268384002407,200.08796041820784,202.92749331965175,200.49444825853178
0.45822399999476593,198.52094007530187,199.56894853600502,202.9350456117953,200.4942004129485
0.45922499999473915,198.51569170645095,199.05563173209526,202.94252344548056,200.49395275586068
0.46022599999471236,198.51107924589832,198.54789664237407,202.94992828689468,200.49370528831696
0.4612269999946856,198.50708893860133,198.04563225580947,202.95726157180772,200.49345801133907
0.4622279999946588,198.503707316175,197.54872986549765,202.96452470620605,200.4932109259226
0.463228999994632,198.5009211909264,197.0570830207419,202.97171906691173,200.4929640330376
0.46422999999460524,198.49871765001825,196.57058748011994,202.97884600218836,200.49271733362866
0.46523099999457845,198.49708404974953,196.0891411655353,202.98590683233562,200.49247082861604
0.46623199999455167,198.49600800995478,195.61264411722084,202.9929028502712,200.49222451889568
0.46723266666119556,198.4954746728106,195.14206740959924,202.99982736551436,200.49197846570394
0.4682336666611688,198.49545878306807,194.68121557890439,203.0066601058817,200.49173240642634
0.469234666661142,198.4959476815415,194.23057422704196,203.01339735262857,200.4914864139192
0.4702356666611152,198.4969303630091,193.78993033328436,203.02004104553177,200.491240491848
0.47123666666108843,198.49839605168347,193.35907530874653,203.02659308406518,200.49099464379657
0.47223766666106165,198.5003341964383,192.9378049041954,203.03305532823563,200.49074887326935
0.47323866666103487,198.5027344661329,192.5259191197746,203.03942959940673,200.49050318369243
0.4742396666610081,198.50558674503714,192.12322211661174,203.04571768109906,200.4902575784157
0.4752406666609813,198.50888112834892,191.72952213025997,203.05192131978058,200.49001206071574
0.4762416666609545,198.5126079178062,191.34463138594197,203.05804222563498,200.48976663379398
0.47724266666092774,198.51675761739108,190.9683660155575,203.06408207331842,200.48952130078175
0.47824366666090096,198.521320929122,190.60054597641786,203.07004250269685,200.48927606473816
0.4792446666608742,198.52628874893176,190.24099497166762,203.07592511957128,200.48903092865604
0.4802456666608474,198.53165216263466,189.88954037236402,203.0817314963842,200.48878589545933
0.4812466666608206,198.5374024419777,189.54601314118065,203.08746317291445,200.48854096800707
0.48224766666079383,198.54353104076978,189.21024775768856,203.0931216569582,200.48829614909354
0.48324866666076705,198.55002959109584,188.88208214520375,203.09870842499217,200.48805144144944
0.48424933332741094,198.55674771417608,188.56346081266187,203.10420637765776,200.48780689823124
0.48525033332738415,198.56349311900235,188.25671236146954,203.10959802637794,200.48756231736044
0.48625133332735737,198.5702616928951,187.96170741491667,203.1148836223414,200.48731778417581
0.4872523333273306,198.57705279032902,187.6781963215333,203.12006536553173,200.4870733027285
0.4882533333273038,198.58386577936852,187.40593462842057,203.1251454101742,200.48682887697908
0.489254333327277,198.59070004138943,187.14468297310722,203.13012586568976,200.4865845108024
0.49025533332725024,198.5975549707978,186.89420697765266,203.1350087976243,200.48634020798585
0.49125633332722346,198.6044299747604,186.65427714495456,203.13979622856328,200.4860959722343
0.4922573333271967,198.61132447293934,186.42466875721266,203.144490139025,200.48585180716992
0.4932583333271699,198.6182378972312,186.2051617765065,203.1490924683354,200.48560771633458
0.4942593333271431,198.62516969151415,185.99554074744066,203.15360511548496,200.4853637031918
0.49526033332711633,198.63211931139512,185.79559470181198,203.1580299399677,200.48511977112744
0.49626133332708955,198.6390862239697,185.60511706526427,203.16236876260257,200.4848759234517
0.49726233332706277,198.64606990757989,185.42390556588288,203.1666233663389,200.48463216340272
0.498263333327036,198.65306985158128,185.25176214468965,203.1707954970435,200.48438849414453
0.4992643333270092,198.66008555611435,185.0884928680037,203.17488686427112,200.48414491877082
0.5002649999936678,198.66710326510918,184.93407382537816,203.17889760500628,200.48390152005882
0.5012649999936966,198.67390507682668,184.79064046674318,203.1828239260018,200.48365835611722
0.5022649999937253,198.6804168920723,184.65873658142792,203.18666859239303,200.48341525825307
0.5032649999937541,198.68664488590733,184.53811402806895,203.19043330112683,200.4831722300778
0.5042649999937828,198.69259510491884,184.42852983053206,203.19411971388368,200.482929275123
0.5052649999938116,198.6982734698917,184.32974607056238,203.1977294578126,200.48268639684153
0.5062649999938403,198.70368577841964,184.24152978266702,203.201264126248,200.48244359860982
0.5072649999938691,198.70883770746678,184.16365285118192,203.20472527941325,200.48220088372997
0.5082649999938978,198.71373481587608,184.0958919094797,203.20811444510764,200.4819582554281
0.5092649999939266,198.71838254682277,184.03802824126666,203.21143311938152,200.4817157168607
0.5102649999939554,198.72278623021785,183.9898476839373,203.21468276719528,200.48147327111286
0.5112649999939841,198.72695108506306,183.95114053393408,203.21786482306544,200.48123092120045
0.5122649999940129,198.73088222175588,183.92170145407266,203.22098069169724,200.4809886700721
0.5132649999940416,198.73458464434628,183.90132938279777,203.22403174860378,200.48074652060987
0.5142649999940704,198.73806325274543,183.88982744531972,203.22701934071424,200.48050447563148
0.5152649999940991,198.74132284489247,183.88700286659838,203.22994478696705,200.48026253789064
0.5162649999941279,198.74436811887227,183.89266688614072,203.23280937889052,200.48002071007906
0.5172656666608273,198.74718865614875,183.9069318901755,203.23561760112966,200.4797788289869
0.518265666660856,198.7497164501711,183.93076209799972,203.2383725426321,200.47953720014544
0.5192656666608848,198.75195226730892,183.96408176819943,203.24107776151885,200.47929566331047
0.5202656666609136,198.7539024145331,184.0066837181731,203.24373428356307,200.47905422149665
0.5212656666609423,198.75557306750983,184.05836508080824,203.24634311322887,200.4788128776514
0.5222656666609711,198.75697027332788,184.1189272147895,203.2489052341134,200.4785716346562
0.5232656666609998,198.7580999531708,184.18817561677088,203.2514216093823,200.47833049532696
0.5242656666610286,198.75896790493513,184.26591983537486,203.2538931821918,200.47808946241713
0.5252656666610573,198.75957980578914,184.35197338697665,203.2563208761052,200.47784853861697
0.5262656666610861,198.75994121468764,184.44615367323956,203.25870559550168,200.4776077265559
0.5272656666611149,198.76005757482386,184.54828190036307,203.26104822597307,200.47736702880562
0.5282656666611436,198.75993421603638,184.6581830000121,203.26334963471473,200.47712644787785
0.5292656666611724,198.75957635716804,184.77568555188495,203.2656106709092,200.47688598622747
0.5302656666612011,198.7589891083686,184.90062170789366,203.2678321660973,200.4766456462536
0.5312656666612299,198.75817747335577,185.0328271179193,203.27001493455003,200.47640543030053
0.5322656666612586,198.75714635162848,185.17214085710958,203.27215977362076,200.47616534065943
0.5332656666612874,198.7559005406303,185.31840535468737,203.27426746410322,200.47592537956794
0.5342663333279868,198.75448770427658,185.4715375558411,203.2763380330616,200.47568537661263
0.5352663333280155,198.75296998958643,185.63114047021503,203.27836680633825,200.47544563758436
0.5362663333280443,198.75134905592768,185.7971674323751,203.28035600298455,200.4752060052036
0.537266333328073,198.74962718301077,185.96947520663804,203.28230644286975,200.4749664821267
0.5382663333281018,198.74780660303722,186.14792354366753,203.2842189288268,200.47472707095156
0.5392663333281306,198.74588950168527,186.33237511840542,203.28609424701008,200.47448777421386
0.5402663333281593,198.74387801907812,186.52269546929216,203.2879331672361,200.47424859439465
0.5412663333281881,198.74177425073066,186.71875293874908,203.2897364433284,200.47400953391804
0.5422663333282168,198.73958024847624,186.92041861489884,203.29150481344712,200.4737705951524
0.5432663333282456,198.73729802137376,187.12756627449707,203.29323900041535,200.47353178041263
0.5442663333282743,198.73492953659905,187.34007232705014,203.29493971203712,200.47329309196
0.5452663333283031,198.73247672031175,187.557815760091,203.2966076414093,200.47305453200448
0.5462663333283319,198.72994145851186,187.7806780855976,203.2982434672292,200.47281610270474
0.5472663333283606,198.72732559787156,188.00854328752138,203.2998478540918,200.4725778061705
0.5482663333283894,198.72463094655382,188.24129777040602,203.30142145278393,200.4723396444622
0.5492663333284181,198.72185927501252,188.47883030907585,203.30296490057026,200.47210161959296
0.5502669999951175,198.7190159415171,188.72114286355523,203.30447933290463,200.47186357372124
0.5512669999951463,198.71621417326412,188.96679327858047,203.30595386291407,200.47162580140258
0.552266999995175,198.7134927043485,189.21547104815596,203.30738668109458,200.47138813700147
0.5532669999952038,198.71084984398473,189.46710513185036,203.3087786653343,200.47115058310652
0.5542669999952325,198.70828393654708,189.7216259736624,203.31013067526544,200.47091314224653
0.5552669999952613,198.7057933608375,189.9789654711707,203.31144355264604,200.47067581689518
0.5562669999952901,198.7033765293708,190.23905694531376,203.31271812173046,200.47043860946766
0.5572669999953188,198.70103188767254,190.5018351108043,203.31395518963203,200.47020152232497
0.5582669999953476,198.69875791359598,190.7672360471574,203.31515554668152,200.4699645577741
0.5592669999953763,198.69655311664715,191.03519717031844,203.31631996677294,200.4697277180696
0.5602669999954051,198.69441603732844,191.30565720488377,203.31744920770888,200.4694910054145
0.5612669999954338,198.69234524649434,191.57855615689746,203.31854401153166,200.46925442196022
0.5622669999954626,198.69033934472148,191.85383528721152,203.31960510485158,200.46901796980976
0.5632669999954913,198.6883969616883,192.13143708540275,203.32063319916898,200.46878165101728
0.5642669999955201,198.68651675557376,192.41130524423065,203.32162899118705,200.4685454675895
0.5652669999955489,198.68469741246292,192.69338463462287,203.32259316312002,200.46830942148648
0.5662669999955776,198.68293764576734,192.97762128118737,203.32352638299318,200.46807351462314
0.567267666662277,198.68125089843826,193.26371814903763,203.32442847571744,200.46783758460612
0.5682676666623058,198.67970229875561,193.54947592819923,203.32529311958908,200.46760191871152
0.5692676666623345,198.67829464330143,193.8348920591546,203.32612109032456,200.46736635917276
0.5702676666623633,198.6770248943692,194.1199680478197,203.32691316873382,200.467130908568
0.571267666662392,198.6758900774901,194.4047053744061,203.3276701193811,200.4668955694165
0.5722676666624208,198.67488728011622,194.689105493951,203.32839269092239,200.46666034418354
0.5732676666624495,198.67401365033467,194.97316983683461,203.32908161643903,200.4664252352744
0.5742676666624783,198.67326639560727,195.25689980928513,203.3297376137575,200.46619024504167
0.5752676666625071,198.67264278153607,195.54029679387764,203.33036138576995,200.46595537578392
0.5762676666625358,198.6721401306563,195.823362150019,203.33095362074067,200.46572062974715
0.5772676666625646,198.67175582125103,196.10609721442245,203.33151499261552,200.46548600912584
0.5782676666625933,198.67148728619495,196.38850330157527,203.3320461613138,200.46525151606446
0.5792676666626221,198.67133201181764,196.6705817041952,203.33254777302344,200.46501715265782
0.5802676666626508,198.671287536794,196.95233369367588,203.33302046048587,200.46478292095273
0.5812676666626796,198.67135145105635,197.23376052052586,203.33346484327245,200.46454882294842
0.5822676666627083,198.67152139472776,197.51486341479688,203.3338815280632,200.46431486059782
0.5832676666627371,198.6717950570809,197.7956435865028,203.33427110891043,200.46408103580896
0.5842683333294365,198.67216547200195,198.0750410001972,203.33463419522292,200.46384717692055
0.5852683333294653,198.672623668399,198.3511176403177,203.3349706149916,200.46361357503545
0.586268333329494,198.67316791432168,198.62411699914003,203.33528118584655,200.46338007688126
0.5872683333295228,198.67379632602868,198.89410036781206,203.33556646380862,200.46314668505048
0.5882683333295515,198.67450705902056,199.1611277664301,203.33582699332567,200.46291340207762
0.5892683333295803,198.675298307227,199.4252579704559,203.336063307512,200.46268023043896
0.590268333329609,198.6761683022025,199.6865485365738,203.336275928384,200.46244717255604
0.5912683333296378,198.67711531234855,199.94505582801733,203.33646536709125,200.46221423079342
0.5922683333296666,198.6781376421462,200.20083503936772,203.3366321241424,200.4619814074628
0.5932683333296953,198.67923363140667,200.45394022083897,203.33677668962622,200.4617487048233
0.5942683333297241,198.6804016545368,200.70442430205512,203.33689954342842,200.46151612508194
0.5952683333297528,198.6816401198198,200.9523391153341,203.3370011554427,200.46128367039563
0.5962683333297816,198.68294746871214,201.19773541849088,203.33708198577995,200.46105134287075
0.5972683333298103,198.68432217515218,201.44066291716197,203.33714248496966,200.46081914456667
0.5982683333298391,198.68576274488768,201.68117028667012,203.33718309416048,200.46058707749427
0.5992683333298678,198.687267714813,201.9193051934318,203.33720424531518,200.46035514361833
0.6002689999965672,198.6888343670083,202.15516863859793,203.33720633044982,200.46012318891223
0.601268999996596,198.6904141627695,202.38653565075737,203.33718926108097,200.45989149637367
0.6022689999966248,198.69199058729635,202.61290688351988,203.3371532709738,200.45965990322804
0.6032689999966535,198.69356368120333,202.83438634302223,203.337098772592,200.45942841212224
0.6042689999966823,198.69513348428916,203.05107587383642,203.33702616980696,200.4591970256447
0.605268999996711,198.69670003555697,203.26307520388937,203.3369358580777,200.45896574632454
0.6062689999967398,198.69826337322692,203.47048198844962,203.33682822462677,200.45873457663404
0.6072689999967685,198.6998235347555,203.67339185319977,203.33670364861004,200.4585035189891
0.6082689999967973,198.70138055684853,203.87189843641556,203.33656250128516,200.45827257575104
0.609268999996826,198.7029344754801,204.06609343026454,203.3364051461745,200.45804174922728
0.6102689999968548,198.70448532590584,204.25606662124997,203.3362319392286,200.45781104167241
0.6112689999968836,198.70603314267632,204.44190592981298,203.33604322897986,200.45758045529004
0.6122689999969123,198.70757795965469,204.62369744911285,203.33583935670023,200.4573499922325
0.6132689999969411,198.70911981002885,204.80152548299833,203.3356206565496,200.45711965460336
0.6142689999969698,198.71065872632715,204.9754725831933,203.33538745572494,200.45688944445746
0.6152689999969986,198.7121947404297,205.14561958570883,203.335140074604,200.45665936380252
0.6162689999970273,198.71372788358485,205.31204564649664,203.33487882688883,200.45642941459994
0.6172696666637267,198.71524911089747,205.47450300029146,203.33460311285234,200.4561994384495
0.6182696666637555,198.7167158029976,205.63111029997927,203.33431070655158,200.45596971487967
0.6192696666637842,198.71812578504938,205.7819133727565,203.33400149394944,200.45574009017895
0.620269666663813,198.7194802617761,205.92703538617866,203.33367584717283,200.45551056696456
0.6212696666638418,198.72078041283856,206.06659694567995,203.33333413059358,200.45528114779597
0.6222696666638705,198.72202739335756,206.20071614781727,203.33297670098716,200.45505183517463
0.6232696666638993,198.72322233442156,206.32950863241055,203.33260390769382,200.454822631545
0.624269666663928,198.72436634358863,206.45308763360111,203.33221609276993,200.4545935392957
0.6252696666639568,198.7254605053735,206.5715640298451,203.33181359114124,200.4543645607619
0.6262696666639855,198.7265058817273,206.68504639287295,203.3313967307503,200.4541356982257
0.6272696666640143,198.7275035125077,206.7936410356237,203.33096583270205,200.45390695391603
0.628269666664043,198.7284544159351,206.8974520591934,203.33052121140636,200.45367833001174
0.6292696666640718,198.7293595890441,206.99658139879944,203.33006317471578,200.45344982864154
0.6302696666641006,198.73022000812605,207.09112886879305,203.3295920240626,200.45322145188538
0.6312696666641293,198.7310366291548,207.18119220673697,203.32910805459278,200.45299320177512
0.6322696666641581,198.73181038821332,207.26686711656637,203.32861155529565,200.45276508029582
0.6332696666641868,198.73254220190637,207.34824731085072,203.32810280913327,200.45253708938677
0.6342703333308862,198.73322753360728,207.42474557057383,203.32757998692628,200.4523090622119
0.635270333330915,198.73385902124056,207.495441432454,203.32704186971148,200.4520812834347
0.6362703333309437,198.73443826045613,207.560508076465,203.32648845781273,200.4518536036617
0.6372703333309725,198.73496637614753,207.62006664279,203.32592009553687,200.4516260254677
0.6382703333310012,198.7354444697917,207.6742357500125,203.32533712000938,200.45139855136944
0.63927033333103,198.7358736199378,207.72313154752075,203.32473986132342,200.45117118382643
0.6402703333310588,198.7362548826817,207.76686776682638,203.32412864268565,200.45094392524268
0.6412703333310875,198.7365892921327,207.80555577181354,203.3235037805601,200.4507167779675
0.6422703333311163,198.73687786087189,207.8393046079479,203.3228655848083,200.45048974429702
0.643270333331145,198.73712158039805,207.86822105045863,203.32221435882454,200.45026282647507
0.6442703333311738,198.7373214215672,207.89240965151782,203.32155039967327,200.4500360266938
0.6452703333312025,198.7374783350211,207.91197278644904,203.32087399821924,200.4498093470957
0.6462703333312313,198.7375932516059,207.9270106989646,203.32018543925574,200.44958278977407
0.64727033333126,198.73766708278634,207.93762154546812,203.31948500163216,200.44935635677334
0.6482703333312888,198.73770072104656,207.94390143843623,203.31877295837646,200.44913005009164
0.6492703333313176,198.7376950402852,207.94594448889717,203.31804957681706,200.4489038716812
0.650270999998017,198.73765163833957,207.943809875109,203.3173145610819,200.44867767139928
0.6512709999980457,198.73758623388917,207.93701973970656,203.31656793084025,200.44845172614896
0.6522709999980745,198.7375049113416,207.92545898278541,203.31580901777988,200.44822587761672
0.6532709999981032,198.73740801876394,207.90923165310565,203.3150381049383,200.44800012838851
0.654270999998132,198.73729589697248,207.8884396322589,203.31425546944234,200.44777448099308
0.6552709999981607,198.7371688796826,207.8631826797075,203.31346138263328,200.44754893790127
0.6562709999981895,198.73702729365888,207.83355847689,203.3126561101855,200.44732350152796
0.6572709999982183,198.7368714588578,207.79966267041058,203.31183991222323,200.44709817423345
0.658270999998247,198.73670168856953,207.76158891432993,203.31101304343989,200.4468729583247
0.6592709999982758,198.73651828955576,207.7194289115772,203.31017575320678,200.44664785605602
0.6602709999983045,198.73632156218747,207.6732724545033,203.30932828568606,200.44642286962957
0.6612709999983333,198.73611180057412,207.62320746458914,203.30847087993723,200.44619800119813
0.662270999998362,198.7358892926988,207.5693200313297,203.3076037700258,200.44597325286477
0.6632709999983908,198.73565432054076,207.5116944503081,203.30672718512398,200.4457486266844
0.6642709999984195,198.73540716020406,207.4504132604836,203.30584134961592,200.44552412466473
0.6652709999984483,198.73514808203595,207.38555728069815,203.30494648319308,200.44529974876676
0.666270999998477,198.73487735075028,207.31720564543025,203.304042800956,200.4450755009073
0.6672716666651765,198.73460032429085,207.24538736798863,203.3031297737776,200.4448512267025
0.6682716666652052,198.73433876228776,207.17027604540735,203.30220831031116,200.44462719929942
0.669271666665234,198.73409438504322,207.0918994043515,203.3012779667991,200.44440326887226
0.6702716666652627,198.73386682369306,207.01033012604168,203.30033895579453,200.44417943796213
0.6712716666652915,198.7336557170503,206.92563937646852,203.29939148540635,200.443955709053
0.6722716666653202,198.733460711445,206.8378968378901,203.29843575938997,200.44373208457205
0.673271666665349,198.73328146056912,206.7471707396654,203.29747197723992,200.443508566892
0.6742716666653777,198.73311762532467,206.65352788845757,203.2965003342757,200.44328515833135
0.6752716666654065,198.73296887366973,206.5570336977995,203.29552102172994,200.44306186115634
0.6762716666654353,198.732834880476,206.4577522170529,203.29453422683446,200.4428386775818
0.677271666665464,198.7327153273825,206.3557461597612,203.2935401329013,200.44261560977023
0.6782716666654928,198.73260990265635,206.25107693141345,203.29253891940533,200.44239265983657
0.6792716666655215,198.7325183010542,206.14380465663322,203.29153076206464,200.44216982984645
0.6802716666655503,198.73244022368692,206.03398820580054,203.29051583291772,200.44194712181837
0.681271666665579,198.73237537789043,205.92168522112203,203.2894943003989,200.44172453772438
0.6822716666656078,198.73232347709214,205.80695214215822,203.28846632941597,200.44150207949113
0.6832716666656365,198.73228424068802,205.68984423082182,203.2874320814215,200.44127974900033
0.684272333332336,198.73226387510707,205.57064078279637,203.2863904571006,200.44105738355194
0.6852723333323647,198.73227017079276,205.44993154111444,203.2853423044173,200.44083526089037
0.6862723333323935,198.73230255343316,205.3276759356064,203.28428710831307,200.4406132353243
0.6872723333324222,198.73236045470523,205.20391015447495,203.28322504396945,200.44039130935158
0.688272333332451,198.7324433181201,205.07866962983746,203.28215628289868,200.44016948541545
0.6892723333324797,198.7325505987813,204.95198905344,203.2810809930219,200.43994776590284
0.6902723333325085,198.73268176314164,204.82390239204813,203.27999933873943,200.43972615314686
0.6912723333325372,198.7328362887684,204.69444290251667,203.27891148100807,200.43950464942765
0.692272333332566,198.73301366411073,204.56364314654735,203.2778175774108,200.4392832569734
0.6932723333325947,198.73321338827486,204.43153500513677,203.27671778222611,200.43906197796034
0.6942723333326235,198.73343497080262,204.2981496927299,203.27561224649918,200.43884081451807
0.6952723333326523,198.7336779314539,204.16351777107278,203.2745011181066,200.4386197687246
0.696272333332681,198.7339417999949,204.0276691627826,203.27338454182393,200.43839884261152
0.6972723333327098,198.73422611598954,203.8906331646312,203.27226265938927,200.43817803816296
0.6982723333327385,198.7345304285957,203.75243846055756,203.27113560956656,200.4379573573181
0.6992723333327673,198.73485429636722,203.6131131344045,203.27000352820832,200.4377368019711
0.7002729999994667,198.73519738999158,203.47263446539296,203.26886572585786,200.4375162256793
0.7012729999994954,198.7355563669933,203.33203271553333,203.26772267649326,200.43729589834774
0.7022729999995242,198.73593016458761,203.19152964400763,203.26657333657266,200.4370756656188
0.703272999999553,198.7363184525146,203.05112602194814,203.26541786685155,200.43685553000975
0.7042729999995817,198.73672090739993,202.91082260164208,203.2642564247138,200.4366354939781
0.7052729999996105,198.73713721261174,202.77062011692644,203.2630891642433,200.43641555992772
0.7062729999996392,198.73756705811977,202.630519283573,203.26191623629256,200.43619573020817
0.707272999999668,198.738010140359,202.49052079966586,203.26073778854814,200.43597600711468
0.7082729999996967,198.73846616209508,202.35062534597546,203.2595539655978,200.43575639289153
0.7092729999997255,198.738934832293,202.2108335863158,203.25836490899533,200.43553688973094
0.7102729999997542,198.73941586598835,202.07114616790474,203.25717075732226,200.43531749977507
0.711272999999783,198.73990898415974,201.93156372170793,203.25597164625083,200.4350982251186
0.7122729999998118,198.74041391360683,201.79208686278176,203.25476770860436,200.43487906780666
0.7132729999998405,198.74093038682855,201.6527161906055,203.25355907441588,200.43466002983743
0.7142729999998693,198.74145814190467,201.5134522894086,203.2523458709863,200.43444111316424
0.715272999999898,198.74199692238022,201.37429572848913,203.25112822294133,200.43422231969453
0.7162729999999268,198.74254647715233,201.2352470625283,203.24990625228753,200.43400365129204
0.7172736666666262,198.74310464160436,201.09647325304206,203.2486790315281,200.43378495733867
0.7182736666666549,198.743661325833,200.9591870837119,203.2474474080691,200.4335665040915
0.7192736666666837,198.74421596009157,200.82337583089767,203.24621061036518,200.43334814546992
0.7202736666667124,198.74476857746617,200.68901022136203,203.2449687766971,200.43312988394985
0.7212736666667412,198.74531921036632,200.55606158882512,203.24372204244116,200.43291172195222
0.72227366666677,198.74586789053632,200.4245018613539,203.2424705401305,200.4326936618427
0.7232736666667987,198.74641464907143,200.29430354901118,203.24121439951205,200.4324757059334
0.7242736666668275,198.74695951642985,200.1654397317617,203.23995374760662,200.43225785648417
0.7252736666668562,198.74750252244635,200.0378840476322,203.23868870876464,200.4320401157033
0.726273666666885,198.7480436963449,199.91161068111356,203.23741940472186,200.43182248574885
0.7272736666669137,198.74858306675193,199.78659435180683,203.23614595465327,200.4316049687314
0.7282736666669425,198.74912066170756,199.66281030330438,203.23486847522773,200.43138756670783
0.7292736666669712,198.7496565086793,199.54023429230276,203.23358708065683,200.43117028169334
0.730273666667,198.75019063457344,199.41884257793873,203.23230188275048,200.4309531156552
0.7312736666670288,198.75072306574637,199.29861191135237,203.23101299096447,200.43073607051494
0.7322736666670575,198.7512538280162,199.17951952546233,203.22972051244835,200.43051914815024
0.7332736666670863,198.75178294667373,199.06154312495468,203.22842455209522,200.4303023503949
0.7342743333337857,198.75230647700502,198.94520057369897,203.22712403586183,200.4300855184895
0.7352743333338144,198.75281844245683,198.83138314038504,203.2258204174268,200.42986892328275
0.7362743333338432,198.75331941154622,198.71996409690212,203.22451294386337,200.42965242271381
0.7372743333338719,198.75380961314855,198.6108935686037,203.22320172621713,200.42943601922013
0.7382743333339007,198.75428927138205,198.504122717334,203.22188687319468,200.4292197151842
0.7392743333339294,198.75475860570788,198.39960371988803,203.22056849121188,200.4290035129345
0.7402743333339582,198.7552178310244,198.29728974692077,203.21924668444316,200.4287874147467
0.741274333333987,198.75566715776566,198.19713494229165,203.21792155486602,200.42857142284544
0.7422743333340157,198.7561067919917,198.09909440284076,203.21659320230975,200.42835553940418
0.7432743333340445,198.7565369354797,198.00312415858517,203.21526172449697,200.42813976654688
0.7442743333340732,198.7569577858133,197.9091811533266,203.21392721708906,200.4279241063484
0.745274333334102,198.75736953646984,197.81722322566168,203.21258977372884,200.4277085608376
0.7462743333341307,198.75777237690627,197.72720909038523,203.21124948608266,200.42749313199582
0.7472743333341595,198.75816649264146,197.63909832028392,203.20990644388095,200.42727782175885
0.7482743333341882,198.75855206533782,197.5528513283058,203.20856073495912,200.42706263201782
0.749274333334217,198.75892927288353,197.46842935009923,203.20721244529668,200.42684756462066
0.7502750000009164,198.75929846884023,197.38578481166422,203.20586073375247,200.42663247674818
0.7512750000009452,198.75965815524606,197.30581662965304,203.20450704286327,200.42641763153998
0.7522750000009739,198.76000833468382,197.2287227465844,203.20315039873128,200.4262028785265
0.7532750000010027,198.76034920675167,197.1544422190747,203.20179089379727,200.42598822016222
0.7542750000010314,198.76068096689738,197.08291537143148,203.20042861855063,200.42577365884594
0.7552750000010602,198.7610038065044,197.01408376930826,203.19906366156943,200.42555919692248
0.7562750000010889,198.7613179129784,196.94789019390572,203.19769610955862,200.42534483668405
0.7572750000011177,198.7616234698288,196.88427861671045,203.1963260473916,200.42513058037
0.7582750000011464,198.76192065674786,196.82319417475847,203.19495355814715,200.42491643016984
0.7592750000011752,198.76220964969178,196.7645831464116,203.1935787231457,200.4247023882221
0.760275000001204,198.76249062095954,196.7083929276385,203.19220162198764,200.4244884566173
0.7612750000012327,198.76276373926612,196.65457200878873,203.19082233258803,200.42427463739725
0.7622750000012615,198.76302916981896,196.60306995184837,203.18944093121198,200.42406093255892
0.7632750000012902,198.76328707439066,196.5538373681691,203.1880574925092,200.42384734405132
0.764275000001319,198.76353761138918,196.5068258966592,203.18667208954693,200.4236338737799
0.7652750000013477,198.7637809359289,196.46198818242897,203.18528479384355,200.4234205236058
0.7662750000013765,198.7640171998982,196.41927785587893,203.1838956754003,200.423207295347
0.7672756666680759,198.76424752792607,196.37877855152863,203.18250373290508,200.4229940420912
0.7682756666681047,198.76447500870313,196.3411118626688,203.18111032891866,200.42278102349397
0.7692756666681334,198.76470018791042,196.30625317106933,203.17971455974933,200.4225680971383
0.7702756666681622,198.76492311095416,196.27414209880885,203.17831650585447,200.42235526543962
0.7712756666681909,198.76514382229658,196.2447195247164,203.17691624598922,200.4221425307588
0.7722756666682197,198.76536236548085,196.21792755825606,203.17551385723925,200.4219298954034
0.7732756666682484,198.76557878314696,196.19370951394808,203.1741094150584,200.42171736162896
0.7742756666682772,198.76579311705058,196.1720098863241,203.17270299330107,200.42150493163942
0.7752756666683059,198.76600540808292,196.15277432540503,203.17129466425504,200.42129260758875
0.7762756666683347,198.76621569628628,196.1359496126854,203.1698844986752,200.42108039158205
0.7772756666683635,198.76642402087515,196.1214836376178,203.16847256581488,200.42086828567614
0.7782756666683922,198.7666304202505,196.10932537458623,203.16705893345704,200.42065629188141
0.779275666668421,198.76683493201804,196.09942486035843,203.16564366794552,200.4204444121603
0.7802756666684497,198.76703759300364,196.0917331720051,203.16422683421268,200.4202326484325
0.7812756666684785,198.76723843927212,196.08620240527998,203.16280849581318,200.42002100257207
0.7822756666685072,198.76743750613846,196.08278565344824,203.16138871494866,200.4198094764105
0.783275666668536,198.76763482818833,196.0814369865543,203.15996755249694,200.41959807173677
0.7842763333352354,198.76783295865954,196.08230094356864,203.15854379927254,200.41938663368055
0.7852763333352641,198.76803457764404,196.0855618164211,203.157119020854,200.419175426426
0.7862763333352929,198.76823974193005,196.09116785712462,203.15569234070526,200.41896431145017
0.7872763333353217,198.76844837011114,196.09906791842894,203.154263829842,200.41875329113068
0.7882763333353504,198.768660382479,196.1092119183976,203.15283355777194,200.4185423677899
0.7892763333353792,198.76887570099044,196.12155081826924,203.15140159252718,200.41833154369888
0.7902763333354079,198.7690942492311,196.13603660077212,203.14996800069355,200.4181208210773
0.7912763333354367,198.7693159523835,196.1526222488989,203.14853284744285,200.41791020209385
0.7922763333354654,198.76954073719114,196.17126172511422,203.14709619656145,200.41769968886845
0.7932763333354942,198.76976853192838,196.19190995099956,203.14565811047777,200.4174892834721
0.7942763333355229,198.76999926636813,196.21452278731851,203.14421865029234,200.41727898792863
0.7952763333355517,198.77023287174916,196.23905701449652,203.14277787580386,200.41706880421518
0.7962763333355805,198.77046928074844,196.26547031350762,203.1413358455378,200.416858734265
0.7972763333356092,198.77070842744894,196.29372124715647,203.13989261677273,200.4166487799659
0.798276333335638,198.7709502473102,196.32376924175148,203.13844824556426,200.41643894316172
0.7992763333356667,198.77119467714223,196.35557456915757,203.13700278677362,200.4162292256549
0.8002770000023661,198.77144191645877,196.38912185525487,203.13555530854603,200.41601948815918
0.8012770000023949,198.77169331662014,196.42433940298258,203.13410741292628,200.41580998724515
0.8022770000024236,198.77194958913194,196.4612155724771,203.13265805516005,200.41560057624082
0.8032770000024524,198.77221062264863,196.49971350621036,203.13120729716843,200.41539125753954
0.8042770000024811,198.77247630814915,196.53979711498695,203.12975519955378,200.41518203348053
0.8052770000025099,198.7727465388882,196.5814310619763,203.1283018216274,200.41497290635
0.8062770000025387,198.7730212103482,196.6245807470747,203.12684722143717,200.41476387838247
0.8072770000025674,198.7733002201933,196.66921229159294,203.12539145579262,200.41455495176209
0.8082770000025962,198.7735834682262,196.71529252326167,203.1239345802924,200.41434612862338
0.8092770000026249,198.7738708563402,196.76278896154886,203.1224766493457,200.41413741105154
0.8102770000026537,198.77416228847795,196.81166980328317,203.1210177162025,200.41392880108472
0.8112770000026824,198.77445767058865,196.8619039085735,203.1195578329741,200.4137203007146
0.8122770000027112,198.77475691058484,196.9134607870237,203.11809705065767,200.41351191188718
0.81327700000274,198.77505991830424,196.96631058423378,203.11663541915811,200.41330363650275
0.8142770000027687,198.7753666054673,197.02042406857987,203.11517298731368,200.4130954764205
0.8152770000027975,198.77567688563934,197.07577261826827,203.11370980291596,200.41288743345444
0.8162770000028262,198.77599067419155,197.13232820866364,203.11224591273148,200.4126795093773
0.8172776666695256,198.7763079404138,197.19004085219373,203.11078030306746,200.41247156088892
0.8182776666695544,198.7766275530746,197.24856661147732,203.10931464753568,200.41226384120557
0.8192776666695831,198.7769495958851,197.30789920993513,203.10784798942097,200.4120562114803
0.8202776666696119,198.7772740092754,197.36801985837144,203.1063803810031,200.41184867406812
0.8212776666696406,198.7776007349234,197.42891016007638,203.1049118734444,200.4116412312718
0.8222776666696694,198.7779297157285,197.49055210266334,203.10344251681207,200.41143388534007
0.8232776666696981,198.77826089578537,197.55292805008412,203.10197236010197,200.41122663847324
0.8242776666697269,198.77859422035814,197.61602073480472,203.10050145126021,200.41101949281892
0.8252776666697557,198.77892963586078,197.67981325014443,203.0990298372054,200.41081245047815
0.8262776666697844,198.77926708982625,197.74428904277562,203.09755756384936,200.41060551350313
0.8272776666698132,198.7796065308889,197.80943190537965,203.0960846761191,200.4103986838995
0.8282776666698419,198.7799479087594,197.8752259694512,203.09461121797676,200.41019196362657
0.8292776666698707,198.7802911742014,197.94165569825935,203.0931372324392,200.40998535459923
0.8302776666698994,198.78063627901219,198.00870587994714,203.0916627615983,200.40977885868733
0.8312776666699282,198.78098317599859,198.07636162078083,203.09018784664076,200.40957247772042
0.832277666669957,198.78133181895788,198.14460833853653,203.08871252786622,200.40936621348334
0.8332776666699857,198.78168216265576,198.21343175602254,203.0872368447044,200.4091600677201
0.8342783333366851,198.7820333650104,198.28260995288383,203.08575965194666,200.40895388934763
0.8352783333367139,198.78238366577494,198.35172950803613,203.08428271422002,200.4087479360404
0.8362783333367426,198.7827333028027,198.42083446541778,203.0828050934819,200.40854207272537
0.8372783333367714,198.7830822832747,198.48992370730514,203.08132683528493,200.40833630172006
0.8382783333368001,198.78343061422814,198.55899614062278,203.07984798420608,200.40813062529048
0.8392783333368289,198.78377830256187,198.6280506964304,203.07836858386335,200.4079250456499
0.8402783333368576,198.78412535503765,198.69708632941908,203.07688867693645,200.40771956496258
0.8412783333368864,198.78447177828386,198.76610201741778,203.0754083051879,200.40751418534347
0.8422783333369152,198.78481757879533,198.83509676091325,203.07392750948085,200.4073089088592
0.8432783333369439,198.78516276294104,198.90406958257688,203.07244632979845,200.4071037375293
0.8442783333369727,198.78550733696363,198.97301952680064,203.0709648052604,200.4068986733271
0.8452783333370014,198.78585130698167,199.0419456592472,203.069482974144,200.40669371818112
0.8462783333370302,198.78619467899446,199.11084706640435,203.06800087390016,200.4064888739753
0.8472783333370589,198.7865374588813,199.17972285515114,203.06651854116868,200.4062841425508
0.8482783333370877,198.78687965240815,199.2485721523336,203.06503601179745,200.4060795257049
0.8492783333371164,198.78722126522618,199.3173941043466,203.0635533208589,200.4058750251951
0.8502790000038158,198.78756246565862,199.38620683165706,203.06206949661328,200.40567050518115
0.8512790000038446,198.78790165061008,199.45443576305792,203.06058623661875,200.4054662158199
0.8522790000038734,198.78823865365695,199.52195915854784,203.0591024768482,200.4052620141382
0.8532790000039021,198.7885735152785,199.58879096805433,203.0576182589963,200.40505790246954
0.8542790000039309,198.78890627511706,199.6549448523209,203.05613362385864,200.40485388309477
0.8552790000039596,198.7892369719949,199.72043418891377,203.05464861135292,200.40464995824325
0.8562790000039884,198.78956564393343,199.78527207810652,203.05316326053537,200.40444613009402
0.8572790000040171,198.78989232816878,199.8494713486427,203.05167760961965,200.40424240077624
0.8582790000040459,198.79021706116743,199.91304456337795,203.05019169599407,200.404038772371
0.8592790000040746,198.7905398786435,199.97600402480305,203.0487055562394,200.40383524691242
0.8602790000041034,198.79086081557355,200.03836178045609,203.04721922614428,200.40363182638734
0.8612790000041322,198.79117990621205,200.10012962821688,203.0457327407235,200.40342851273758
0.8622790000041609,198.79149718410682,200.16131912149916,203.04424613423163,200.4032253078607
0.8632790000041897,198.79181268211235,200.22194157432534,203.0427594401815,200.4030222136106
0.8642790000042184,198.79212643240587,200.28200806630358,203.0412726913591,200.40281923180027
0.8652790000042472,198.79243846650095,200.34152944749766,203.0397859198364,200.4026163641955
0.8662790000042759,198.79274881526138,200.40051634319803,203.03829915698924,200.40241361252671
0.8672796666709753,198.79305769271087,200.45888808155058,203.03681136687223,200.4022108370169
0.8682796666710041,198.79336463363796,200.51607292218537,203.03532426881748,200.40200828459766
0.8692796666710328,198.79366986719788,200.5720825736541,203.03383687927393,200.40180581990342
0.8702796666710616,198.79397342420276,200.6269414446813,203.03234923547905,200.4016034452304
0.8712796666710904,198.794275334829,200.6806734367609,203.0308613738645,200.40140116282333
0.8722796666711191,198.79457562863138,200.73330195469728,203.02937333007478,200.4011989748761
0.8732796666711479,198.79487433455438,200.78484991692707,203.0278851389822,200.40099688353305
0.8742796666711766,198.79517148094573,200.83533976562452,203.02639683470215,200.400794890889
0.8752796666712054,198.79546709556942,200.88479347660288,203.0249084506116,200.40059299899272
0.8762796666712341,198.79576120561583,200.93323256900163,203.02342001936188,200.40039120984494
0.8772796666712629,198.79605383771593,200.98067811478063,203.02193157289565,200.4001895254012
0.8782796666712916,198.79634501795186,201.0271507480095,203.0204431424599,200.39998794757236
0.8792796666713204,198.79663477186756,201.07267067396947,203.01895475862258,200.39978647822548
0.8802796666713492,198.79692312448097,201.11725767806522,203.01746645128378,200.39958511918462
0.8812796666713779,198.7972101002962,201.160931134547,203.0159782496932,200.39938387223393
0.8822796666714067,198.7974957233108,201.20371001505794,203.0144901824602,200.3991827391105
0.8832796666714354,198.79778001702874,201.24561289699966,203.0130022775699,200.39898172151717
0.8842803333381348,198.79806362233208,201.28642032285146,203.01151341306323,200.398780672065
0.8852803333381636,198.7983466993933,201.32577810208608,203.01002541046975,200.39857984207993
0.8862803333381923,198.79862944015636,201.36374317351715,203.00853731115205,200.3983790998522
0.8872803333382211,198.79891184606575,201.40034505387297,203.00704914812422,200.39817844764207
0.8882803333382499,198.7991939185425,201.43561264591276,203.00556095368242,200.39797788765833
0.8892803333382786,198.79947565898306,201.46957425118595,203.00407275942166,200.39777742206033
0.8902803333383074,198.7997570687602,201.50225758252853,203.00258459624976,200.39757705295764
0.8912803333383361,198.80003814922432,201.533689776295,203.0010964943998,200.39737678241207
0.8922803333383649,198.8003189017028,201.56389740434093,202.99960848344708,200.3971766124396
0.8932803333383936,198.8005993275015,201.5929064857549,202.9981205923203,200.39697654500907
0.8942803333384224,198.80087942790394,201.62074249834498,202.99663284931813,200.39677658204488
0.8952803333384511,198.80115920417313,201.64743038988846,202.9951452821174,200.39657672542742
0.8962803333384799,198.80143865755068,201.67299458914724,202.9936579177923,200.39637697699328
0.8972803333385087,198.8017177892586,201.69745901665206,202.99217078282146,200.39617733853729
0.8982803333385374,198.8019966004984,201.72084709526976,202.99068390310302,200.39597781181342
0.8992803333385662,198.80227509245182,201.74318176053964,202.9891973039667,200.39577839853513
0.9002810000052656,198.80255349294987,201.7644826638503,202.98771000627124,200.39557896622188
0.9012810000052943,198.8028321631713,201.78444853938996,202.98622378323262,200.39537975877818
0.9022810000053231,198.80311154091206,201.80301416225066,202.98473758761557,200.39518063683752
0.9032810000053518,198.80339160497323,201.8202096162807,202.98325144969203,200.3949816026746
0.9042810000053806,198.80367233460296,201.83606435916246,202.9817653990756,200.3947826585138
0.9052810000054093,198.8039537094882,201.85060723542904,202.98027946473294,200.39458380652854
0.9062810000054381,198.80423570974332,201.86386648920444,202.97879367499854,200.39438504884407
0.9072810000054669,198.80451831590307,201.87586977668423,202.97730805758664,200.39418638753625
0.9082810000054956,198.80480150891248,201.88664417835184,202.97582263960447,200.39398782463414
0.9092810000055244,198.80508527012017,201.89621621094548,202.9743374475667,200.39378936212128
0.9102810000055531,198.8053695812682,201.90461183917495,202.97285250740524,200.39359100193505
0.9112810000055819,198.80565442448417,201.91185648719193,202.971367844482,200.3933927459692
0.9122810000056106,198.80593978227364,201.9179750498269,202.96988348360335,200.39319459607404
0.9132810000056394,198.80622563751297,201.92299190358784,202.96839944902726,200.39299655405662
0.9142810000056681,198.8065119734398,201.92693091743558,202.9669157644789,200.39279862168334
0.9152810000056969,198.80679877364707,201.92981546332885,202.96543245315834,200.39260080067973
0.9162810000057257,198.8070860220746,201.931668426556,202.96394953775402,200.39240309273012
0.9172816666724251,198.80737398322066,201.93247108631778,202.9624659900967,200.39220536149554
0.9182816666724538,198.80766259826402,201.9320849255172,202.96098356904173,200.39200784778268
0.9192816666724826,198.80795206869618,201.93052065705027,202.95950128979086,200.39181041961479
0.9202816666725113,198.8082423698919,201.92780394900922,202.95801918004668,200.39161307923334
0.9212816666725401,198.80853347774323,201.92395993488563,202.95653726690566,200.39141582882678
0.9222816666725688,198.80882536865198,201.9190132246826,202.95505557687002,200.39121867053427
0.9232816666725976,198.80911801951547,201.91298791579325,202.95357413586166,200.39102160644643
0.9242816666726263,198.80941140771782,201.90590760365566,202.95209296923167,200.39082463860706
0.9252816666726551,198.80970551112182,201.89779539218435,202.95061210177485,200.39062776901244
0.9262816666726839,198.81000030805401,201.8886739039868,202.94913155774043,200.39043099961455
0.9272816666727126,198.81029577730203,201.87856529036782,202.94765136084317,200.39023433231964
0.9282816666727414,198.81059189809858,201.8674912411224,202.94617153427455,200.39003776899145
0.9292816666727701,198.81088865011475,201.85547299412895,202.94469210071222,200.3898413114497
0.9302816666727989,198.8111860134524,201.84253134474275,202.943213082335,200.38964496147364
0.9312816666728276,198.81148396863196,201.82868665499117,202.94173450082755,200.38944872080089
0.9322816666728564,198.81178249658575,201.81395886258204,202.94025637739628,200.38925259112915
0.9332816666728851,198.81208157865066,201.79836748972176,202.93877873277506,200.38905657411777
0.9342823333395845,198.812381331318,201.78191302249834,202.9373004607092,200.38886052597994
0.9352823333396133,198.81268125970323,201.76462730786284,202.935823381736,200.38866469185004
0.9362823333396421,198.8129815487889,201.74651832553823,202.93434653666068,200.38846894329973
0.9372823333396708,198.81328218449005,201.72760436595283,202.93286995106922,200.3882732825322
0.9382823333396996,198.81358315301884,201.70790333825653,202.93139364998552,200.38807771170124
0.9392823333397283,198.81388444088202,201.68743277824458,202.9299176578823,200.387882232912
0.9402823333397571,198.81418603487307,201.66620985611658,202.928441998695,200.38768684822224
0.9412823333397858,198.8144879220657,201.6442513840762,202.9269666958288,200.387491559642
0.9422823333398146,198.8147900898101,201.62157382377322,202.92549177217398,200.38729636913635
0.9432823333398433,198.81509252572462,201.59819329358717,202.9240172501147,200.38710127862612
0.9442823333398721,198.81539521769227,201.57412557576316,202.92254315153872,200.38690628998717
0.9452823333399009,198.81569815385419,201.54938612339993,202.92106949784957,200.38671140505272
0.9462823333399296,198.81600132260442,201.52399006728757,202.91959630997636,200.38651662561423
0.9472823333399584,198.81630471258495,201.49795222260923,202.91812360838165,200.38632195342197
0.9482823333399871,198.81660831267968,201.471287095501,202.91665141307286,200.38612739018566
0.9492823333400159,198.81691211201024,201.44400888947487,202.91517974361273,200.38593293757583
0.9502830000067153,198.81721628751313,201.41611896357247,202.91370762669348,200.38573846638957
0.951283000006744,198.81752015913216,201.3877769511966,202.91223683527875,200.38554421443666
0.9522830000067728,198.81782382912453,201.35901491791515,202.910766336035,200.38535004586333
0.9532830000068016,198.81812729557,201.32984260078746,202.90929615314712,200.3851559628896
0.9542830000068303,198.8184305565947,201.30026953351646,202.9078263102683,200.3849619676834
0.9552830000068591,198.81873361036907,201.27030505067708,202.90635683053023,200.38476806236432
0.9562830000068878,198.81903645510891,201.23995829185282,202.90488773655323,200.38457424900406
0.9572830000069166,198.81933908907203,201.2092382056903,202.90341905045733,200.38438052962744
0.9582830000069453,198.81964151055914,201.17815355386873,202.90195079387308,200.3841869062128
0.9592830000069741,198.81994371791197,201.1467129149852,202.9004829879515,200.3839933806936
0.9602830000070028,198.82024570951302,201.11492468836127,202.89901565337314,200.38379995495978
0.9612830000070316,198.82054748378428,201.08279709776943,202.89754881036006,200.3836066308576
0.9622830000070604,198.8208490391871,201.0503381950803,202.89608247868276,200.3834134101906
0.9632830000070891,198.82115037422037,201.0175558638389,202.89461667767256,200.38322029472158
0.9642830000071179,198.82145148742003,200.98445782276247,202.8931514262269,200.38302728617296
0.9652830000071466,198.82175237735913,200.95105162916627,202.8916867428227,200.3828343862271
0.9662830000071754,198.82205304264605,200.91734468231869,202.89022264552156,200.3826415965269
0.9672836666738748,198.82235363925116,200.8833742531729,202.88875812276316,200.38244878408358
0.9682836666739035,198.82265360120462,200.84939470128268,202.8872949374986,200.38225618372843
0.9692836666739323,198.82295311573958,200.81540498200008,202.88583211588445,200.38206366679825
0.970283666673961,198.82325218637033,200.78140602256207,202.88436968039224,200.38187123547354
0.9712836666739898,198.8235508165449,200.7473987302236,202.88290765299547,200.38167889188978
0.9722836666740186,198.8238490096441,200.71338399266932,202.8814460551822,200.38148663813283
0.9732836666740473,198.82414676898543,200.67936267842364,202.87998490796315,200.3812944762419
0.9742836666740761,198.8244440978224,200.6453356372468,202.87852423188218,200.38110240820893
0.9752836666741048,198.824740999348,200.61130370052797,202.8770640470279,200.38091043598067
0.9762836666741336,198.82503747669196,200.5772676816671,202.87560437304,200.38071856146027
0.9772836666741623,198.82533353292698,200.5432283764501,202.87414522912033,200.38052678650706
0.9782836666741911,198.82562917106722,200.5091865634138,202.872686634043,200.38033511293747
0.9792836666742198,198.8259243940699,200.47514300420605,202.87122860616108,200.3801435425268
0.9802836666742486,198.82621920483632,200.44109844393896,202.86977116341725,200.37995207700936
0.9812836666742774,198.82651360621279,200.40705361152945,202.8683143233511,200.37976071807987
0.9822836666743061,198.82680760099322,200.37300922004192,202.86685810310772,200.37956946739325
0.9832836666743349,198.82710119191827,200.33896596701277,202.86540251944737,200.37937832656684
0.9842843333410343,198.82739460637214,200.3050549670259,202.86394649446768,200.37918715533203
0.985284333341063,198.82768749074128,200.27150302579574,202.8624918370765,200.3789961927833
0.9862843333410918,198.82798004189277,200.23828123518697,202.86103759833443,200.37880531368862
0.9872843333411205,198.82827226100056,200.2053831011739,202.85958379933788,200.37861452019752
0.9882843333411493,198.8285641492207,200.1728022643179,202.85813046071465,200.3784238144101
0.989284333341178,198.82885570769,200.14053249697142,202.8566776026342,200.37823319837887
0.9902843333412068,198.8291469375283,200.10856770053908,202.85522524481686,200.37804267411008
0.9912843333412356,198.82943783983734,200.07690190279644,202.853773406543,200.37785224356426
0.9922843333412643,198.8297284157019,200.04552925526357,202.85232210666416,200.37766190865779
0.9932843333412931,198.83001866618991,200.01444403063593,202.8508713636092,200.37747167126258
0.9942843333413218,198.83030859235274,199.98364062026224,202.84942119539517,200.37728153320776
0.9952843333413506,198.83059819522575,199.95311353168424,202.84797161963502,200.3770914962817
0.9962843333413793,198.83088747582815,199.92285738621888,202.84652265354495,200.37690156223087
0.9972843333414081,198.8311764351644,199.89286691659683,202.84507431395556,200.37671173276206
0.9982843333414368,198.8314650742229,199.8631369646433,202.8436266173173,200.37652200954244
0.9992843333414656,198.83175339397786,199.83366247901688,202.8421795797096,200.37633239420038