"Time (min)","P","PI","PID"
0.0010000000000000152,20.02082626373161,20.02082626373161,20.089255415992646
0.002000999999999941,20.082822843458487,20.082822843458487,20.354955043393613
0.003001000000000074,20.18496976988349,20.18496976988349,20.792727585215076
0.004001000000000207,20.326431888269,20.326431888269,21.398993806867004
0.005001000000000339,20.506350762487273,20.506350762487273,22.170074696373895
0.006001000000000472,20.723885837184266,20.723885837184266,23.1023678736468
0.007001000000000605,20.978214066153242,20.978214066153242,24.19234599779916
0.008002000000000573,21.26883761071948,21.26883761071948,25.437875474511607
0.009002999999999838,21.594728948373398,21.594728948373398,26.834552635885615
0.010003999999999102,21.955113111076585,21.955113111076585,28.379056190327848
0.011004999999998367,22.349231292886873,22.349231292886873,30.06813411237177
0.012005999999997631,22.77634051371599,22.77634051371599,31.898602201639456
0.013006999999996896,23.235713290082014,23.235713290082014,33.86734267177942
0.01400799999999616,23.726637312710295,23.726637312710295,35.971302768757646
0.015008999999995425,24.2484151308412,24.2484151308412,38.20749341789019
0.016009999999995358,24.80036384310496,24.80036384310496,40.572987899020525
0.01701066666666701,25.381545229613078,25.381586423425272,43.060762539246895
0.01801066666666801,25.990201617797943,25.990827191383005,45.6266928646617
0.01901066666666901,26.625835845546632,26.627725432303638,48.25870215059098
0.02001066666667001,27.287847672900025,27.29166609116345,50.955297850965316
0.02101066666667101,27.97564937322359,27.982046934829995,53.71501855597336
0.02201066666667201,28.68866547312497,28.698278285566477,56.53643334489187
0.02301066666667301,29.426332497776812,29.439782760075,59.41814115236568
0.02401066666667401,30.188098721532185,30.205995013962465,62.35877014785671
0.02501066666667501,30.973423923722343,30.996361491516815,65.35697712798853
0.02601066666667601,31.781779149529562,31.81034018068368,68.41144692152025
0.02701066666667701,32.61264647582913,32.647400373134246,71.52089180668425
0.02801066666667801,33.465518781897906,33.507022429320024,74.68405094063314
0.02901066666667901,34.33989952488733,34.38869754840975,77.89968980074505
0.03001066666668001,35.235302519962914,35.2919275430074,81.16659963753699
0.03101066666668101,36.15125172501242,36.21622461855111,84.48359693894857
0.03201066666668201,37.087281029828034,37.16111115729835,87.84952290575946
0.03301066666668301,38.04293404967018,38.12611950679818,91.26324293790708
0.03401133333335466,39.0177179644411,39.110903196183436,94.70458251795178
0.03501133333335566,40.00772837193096,40.11199883269342,98.1018420778007
0.03601133333335666,41.01308614483549,41.12954334154885,101.45337663737025
0.03701133333335766,42.033436442612484,42.1631576603084,104.76011155750031
0.03801133333335866,43.068431834635234,43.21247064113824,108.02295299372432
0.03901133333335966,44.117732146169885,44.277118886299405,111.24278829535399
0.04001133333336066,45.18100430755236,45.35674658705407,114.42048639627178
0.04101133333336166,46.257922206500574,46.45100536591948,117.55689819760222
0.04201133333336266,47.34816654349613,47.559554122199856,120.65285694242951
0.04301133333336366,48.45142469016978,48.682058880729265,123.70917858272978
0.04401133333336466,49.56739055063175,49.81819264375597,126.72666213867636
0.04501133333336566,50.69576442568278,50.96763524590765,129.70609005047993
0.04601133333336666,51.83625287984736,52.13007321216741,132.64822852291607
0.04701133333336766,52.98856861116954,53.30519961880451,135.5538278626934
0.04801133333336866,54.152430323716054,54.49271395719197,138.4236228088096
0.04901133333336966,55.32756260272749,55.69232200045743,141.25833285604517
0.050012000000041315,56.51448987998941,56.90454691544608,144.06051463603433
0.051012000000042315,57.709217411288286,58.12562518050101,146.80016640579947
0.052012000000043315,58.910282401791044,59.35435514819532,149.45486118525358
0.053012000000044315,60.11752200133443,60.59054479582782,152.02639249657042
0.054012000000045315,61.33077677511993,61.834006124163466,154.51651656229527
0.055012000000046316,62.54989063270699,63.08455507378831,156.92695308050284
0.056012000000047316,63.77471075848133,64.34201144320113,159.25938598384934
0.057012000000048316,65.00508754356967,65.60619880860908,161.51546418285105
0.058012000000049316,66.24087451916822,66.87694444538882,163.69680229371858
0.059012000000050316,67.48192829125699,68.15407925118102,165.80498135105915
0.060012000000051316,68.72810847667157,69.43743767058164,167.8415495057762
0.061012000000052316,69.9792776405024,70.7268576213992,169.8080227084577
0.062012000000053316,71.23530123479566,72.02218042244431,171.70588537857068
0.06301200000005432,72.49604753852715,73.32325072281954,173.5365910597425
0.06401200000005532,73.76138759882548,74.62991643268029,175.30156306142732
0.06501200000005632,75.03119517341452,75.94202865543176,177.00219508724004
0.06601200000005732,76.30534667425368,77.25944162133774,178.63985185022744
0.06701266666672898,77.58428800325147,78.58263417837321,180.21632953576798
0.06801266666672998,78.86273933307812,79.9065463946348,181.72395786491592
0.06901266666673098,80.14050309500092,81.23106998757395,183.16323378925983
0.07001266666673198,81.41756771021338,82.55616414213243,184.5356147608193
0.07101266666673298,82.69392186638599,83.88178891953558,185.8425279069524
0.07201266666673398,83.96955451210226,85.20790523905409,187.08537066057633
0.07301266666673498,85.2444548514099,86.53447486014515,188.26551137729362
0.07401266666673598,86.51861233848773,87.86146036496388,189.3842899396901
0.07501266666673698,87.79201667242084,89.18882514123878,190.4430183490777
0.07601266666673798,89.06465779208592,90.51653336550292,191.44298130493786
0.07701266666673898,90.3365258711421,91.84454998667312,192.3854367723262
0.07801266666673998,91.60761131312584,93.1728407099724,193.2716165374832
0.07901266666674098,92.8779047466489,94.50137198118318,194.10272675189992
0.08001266666674198,94.14739702069488,95.83011097123158,194.87994846507496
0.08101266666674298,95.41607920001428,97.15902556108814,195.60443814620538
0.08201266666674398,96.6839425606144,98.48808432698677,196.2773281950294
0.08301266666674498,97.95097858534444,99.817256525946,196.8997274420586
0.08401333333341662,99.21688566209097,101.14632157234699,197.4758313028495
0.08501333333341762,100.4764823933002,102.47017793448383,198.01434879384237
0.08601333333341862,101.73045666716945,103.78954227124056,198.51707782447173
0.08701333333341962,102.97890478212193,105.10448492465335,198.98478670883813
0.08801333333342062,104.22192105591266,106.41507479795946,199.41822776994158
0.08901333333342162,105.45959786676734,107.72137938547404,199.81813767202033
0.09001333333342262,106.69202569366934,109.02346480184622,200.18523774598384
0.09101333333342362,107.91929315580597,110.32139581070807,200.52023430808325
0.09201333333342462,109.14148705119965,111.61523585272599,200.8238189719606
0.09301333333342562,110.35869239453007,112.90504707307245,201.09666895420906
0.09401333333342662,111.57099245417717,114.19089034832386,201.3394473735891
0.09501333333342762,112.77846878848874,115.47282531280148,201.55280354402146
0.09601333333342862,113.98120128129766,116.75091038436338,201.73737326149435
0.09701333333342962,115.17926817669974,118.02520278966232,201.8937790850063
0.09801333333343062,116.37274611310926,119.29575858887677,202.0226306116738
0.09901333333343162,117.56171015660688,120.56263269992957,202.12452474611717
0.10001400000010327,118.74702161800268,121.82671946507101,202.20008896791242
0.10101400000010427,119.92475101245479,123.08402103794023,202.25723107663424
0.10201400000010527,121.0935335045014,124.33325729592302,202.30340574540602
0.10301400000010627,122.2535395019351,125.57457779238939,202.33885066642569
0.10401400000010727,123.4049358867742,126.80812899084836,202.36379858258033
0.10501400000010827,124.54788608851659,128.03405432914096,202.37847739030795
0.10601400000010927,125.682550155872,129.25249428229878,202.38311024032248
0.10701400000011027,126.8090848270032,130.46358642409857,202.377915636245
0.10801400000011127,127.92764359830853,131.66746548733295,202.36310753118923
0.10901400000011227,129.03837679177371,132.86426342283525,202.33889542233177
0.11001400000011327,130.1414316209251,134.05410945727172,202.3054844435247
0.11101400000011427,131.2369522554126,135.23713014973524,202.26307545598027
0.11201400000011527,132.32507988424743,136.41344944716323,202.21186513707022
0.11301400000011627,133.40595277773116,137.58318873860594,202.15204606728224
0.11401400000011727,134.47970634809258,138.74646690836144,202.08380681536755
0.11501400000011827,135.5464732088681,139.90340038801,202.00733202171978
0.11601400000011927,136.60638323304565,141.05410320736928,201.92280248001933
0.11701466666679092,137.66000264108513,142.19918544738402,201.83087494591166
0.11801466666679192,138.7029404116532,143.3340979798793,201.73833344082072
0.11901466666679292,139.7351899541851,144.4588744475368,201.64702535467632
0.12001466666679392,140.75696240359562,145.57371204834567,201.55692574485496
0.12101466666679492,141.76846451812605,146.67880389570894,201.46801018638138
0.12201466666679592,142.76989877028717,147.7743391033136,201.38025476117545
0.12301466666679692,143.7614634359079,148.86050286823655,201.2936360475152
0.12401466666679792,144.7433526813399,149.93747655232247,201.2081311097255
0.12501466666679892,145.7157566488467,151.00543776187138,201.12371748807692
0.12601466666679992,146.67886154021545,152.06456042567066,201.04037318889533
0.12701466666680092,147.6328496986367,153.11501487140612,200.95807667487873
0.12801466666680192,148.57789968887954,154.15696790048185,200.8768068556113
0.12901466666680292,149.5141863757998,155.1905828612874,200.7965430782806
0.13001466666680392,150.44188100121926,156.216019720945,200.71726511858122
0.13101466666680492,151.36115125920497,157.23343513556046,200.63895317181337
0.13201466666680592,152.27216136978717,158.24298251901897,200.56158784416084
0.13301466666680692,153.17507215114037,159.2448121103483,200.48515014415526
0.13401533333347856,154.0697634873643,160.23882610490614,200.41028619163237
0.13501533333347956,154.95254357516686,161.22108776336816,200.33925388141012
0.13601533333348056,155.82405189325266,162.1922884313561,200.27207560582252
0.13701533333348156,156.68451561312693,163.15264862312569,200.2086688965015
0.13801533333348256,157.53415719245507,164.10238427971404,200.1489530012481
0.13901533333348357,158.3731944730125,165.0417068639669,200.09284884836958
0.14001533333348457,159.20184077660207,165.97082345358976,200.04027901175232
0.14101533333348557,160.02030499897904,166.8899368322693,199.99116767666246
0.14201533333348657,160.82879170181994,167.7992455788978,199.94544060625734
0.14301533333348757,161.62750120278673,168.69894415494758,199.9030251087926
0.14401533333348857,162.41662966371172,169.5892229900214,199.8638500055103
0.14501533333348957,163.1963691769578,170.4702685656355,199.82784559919557
0.14601533333349057,163.96690784997864,171.34226349725415,199.79494364338495
0.14701533333349157,164.72842988812124,172.20538661462322,199.76507731221565
0.14801533333349257,165.48111567571203,173.05981304043186,199.73818117090386
0.14901533333349357,166.22514185545393,173.90571426734,199.7141911468303
0.1500160000001652,166.96116859443478,174.74381343851388,199.69303130825054
0.1510160000001662,167.68677499837682,175.57142869807873,199.6745395950142
0.1520160000001672,168.40115228704985,176.3877049541102,199.65852337775664
0.1530160000001682,169.10452996754887,177.192871988339,199.64492912240294
0.1540160000001692,169.79713278137132,177.98715481319965,199.63370440947125
0.1550160000001702,170.47918080344562,178.77077377093346,199.62479791091133
0.1560160000001712,171.15088953910856,179.54394463063653,199.61815936741692
0.1570160000001722,171.8124700190593,180.30687868328977,199.61373956621802
0.1580160000001732,172.46412889234622,181.05978283481429,199.611490319327
0.1590160000001742,173.10606851741795,181.80285969719193,199.61136444224167
0.1600160000001752,173.73848705128538,182.53630767769332,199.61331573308928
0.1610160000001762,174.3615785368271,183.26032106624973,199.61729895220535
0.1620160000001772,174.97553298828385,183.97509012101307,199.62326980213376
0.1630160000001782,175.58053647497394,184.6808011521344,199.6311849080465
0.1640160000001792,176.17677120326994,185.3776366038013,199.64100179856547
0.1650160000001802,176.76441559687356,186.06577513457415,199.652678886988
0.1660160000001812,177.34364437541765,186.74539169604827,199.66617545290006
0.16701666666685286,177.91485353164293,187.41693135007617,199.68139048778968
0.16801666666685386,178.4756434149908,188.07764880173323,199.69741603879183
0.16901666666685486,179.0260816908277,188.72762246651345,199.7139980551698
0.17001666666685586,179.56638217685366,189.36707262849592,199.73112408382497
0.17101666666685686,180.09675424866978,189.99621499696357,199.74878193133796
0.17201666666685786,180.6174029320907,190.61526080147217,199.76695965857078
0.17301666666685886,181.12852899353575,191.22441688493973,199.78564557538397
0.17401666666685986,181.6303290285445,191.82388579480548,199.80482823545788
0.17501666666686086,182.1229955484512,192.41386587229098,199.82449643122902
0.17601666666686186,182.60671706525756,192.99455133980635,199.84463918892317
0.17701666666686286,183.0816781747424,193.56613238654555,199.86524576369993
0.17801666666686386,183.54805963784682,194.12879525229448,199.88630563489224
0.17901666666686486,184.0060384603637,194.68272230950393,199.90780850134576
0.18001666666686586,184.45578797097227,195.2280921436526,199.92974427685922
0.18101666666686686,184.89747789765417,195.7650796319457,199.95210308571396
0.18201666666686786,185.33127444251795,196.29385602037038,199.9748752583005
0.18301666666686886,185.75734035506989,196.81458899915657,199.99805132683383
0.1840173333335405,186.17566818674808,197.32726248479605,200.0214328589098
0.1850173333335415,186.58451615339314,197.82978307139317,200.04435971613452
0.1860173333335425,186.98426374559804,198.32258846842066,200.06681324277457
0.1870173333335435,187.3751006842325,198.8058798422204,200.08880327211585
0.1880173333335445,187.75721274692464,199.27985417937447,200.11033943309766
0.1890173333335455,188.1307818500082,199.74470437356274,200.1314311545631
0.1900173333335465,188.49598612876704,200.20061931061943,200.1520876694133
0.1910173333335475,188.85300001600817,200.64778395181898,200.17231801868252
0.1920173333335485,189.20199431900537,201.0863794154334,200.19213105552316
0.1930173333335495,189.54313629484446,201.51658305659402,200.21153544911277
0.1940173333335505,189.8765897241979,201.93856854549384,200.23053968847438
0.1950173333335515,190.20251498357425,202.35250594396288,200.24915208622056
0.1960173333335525,190.52106911605705,202.75856178045572,200.2673807822225
0.1970173333335535,190.83240590058034,203.1568991234772,200.28523374719737
0.1980173333335545,191.1366759197633,203.54767765348493,200.30271878622366
0.1990173333335555,191.4340266263311,203.93105373329556,200.31984354218235
0.20001800000022715,191.72479368834624,204.30742858327636,200.33662651341913
0.20101800000022815,192.0080329286823,204.67557959403032,200.35288173471076
0.20201800000022915,192.2834471387589,205.03511869595235,200.36847304959727
0.20301800000023015,192.5512008704937,205.38622581607555,200.3834145808238
0.20401800000023115,192.8114552542704,205.72907714136187,200.3977201573217
0.20501800000023215,193.06436807004886,206.0638451964302,200.41140332031455
0.20601800000023315,193.3100938169898,206.39069891966307,200.42447732929728
0.20701800000023415,193.54878378163662,206.70980373773386,200.43695516789074
0.20801800000023515,193.7805861046804,207.02132163858602,200.44884954957655
0.20901800000023615,194.00564584633517,207.32541124289688,200.46017292330848
0.21001800000023715,194.22410505035745,207.62222787405182,200.4709374790131
0.21101800000023815,194.436102806733,207.91192362666857,200.4811551529705
0.21201800000023915,194.64177531306183,208.19464743369568,200.49083763308778
0.21301800000024015,194.8412559346674,208.47054513211694,200.4999963640586
0.21401800000024115,195.03467526345833,208.73975952729043,200.50864255241916
0.21501800000024215,195.22216117556295,209.00243045595005,200.5167871714991
0.21601800000024315,195.4038388877703,209.2586948478995,200.52444096626505
0.2170186666669148,195.57989185039625,209.50877672887933,200.5316206371409
0.2180186666669158,195.7495677966444,209.7516024773015,200.5383450804082
0.2190186666669168,195.91293536725934,209.98723959020947,200.5446341106585
0.2200186666669178,196.07012843908876,210.21583959778732,200.55049707184315
0.2210186666669188,196.22127810407264,210.43755087909165,200.55594311343722
0.2220186666669198,196.36651272711936,210.65251872753979,200.560981194485
0.2230186666669208,196.50595800277958,210.86088541503284,200.56562008755455
0.2240186666669218,196.63973701074252,211.06279025475044,200.56986838261457
0.2250186666669228,196.7679702701796,211.25836966263844,200.57373449082976
0.2260186666669238,196.89077579295724,211.4477572176183,200.5772266482764
0.2270186666669248,197.00826913574477,211.63108372054796,200.58035291958095
0.2280186666669258,197.12056345103966,211.80847725195366,200.58312120148344
0.2290186666669268,197.22776953713003,211.9800632285655,200.5855392263267
0.2300186666669278,197.3299958870238,212.145964458675,200.58761456547364
0.2310186666669288,197.42734873635564,212.30630119634546,200.5893546326513
0.2320186666669298,197.5199321103029,212.4611911944928,200.59076668722886
0.2330186666669308,197.6078478695214,212.61074975686645,200.59185783742544
0.23401933333360245,197.6911343969671,212.75499925915986,200.59266826603917
0.23501933333360345,197.7694318316628,212.89330244577357,200.59330223286605
0.23601933333360445,197.84287900246972,213.02584327507842,200.59377097794632
0.23701933333360545,197.9115799254764,213.15274438287162,200.59407808676582
0.23801933333360645,197.97563645196757,213.27412585353997,200.59422707014787
0.23901933333360745,198.0351483134138,213.39010527308392,200.59422136580437
0.24001933333360845,198.09021316552742,213.5007977810404,200.59406433985578
0.24101933333360945,198.140926631402,213.6063161213252,200.59375928831906
0.24201933333361045,198.18738234375712,213.7067706920215,200.59330943856386
0.24301933333361145,198.22967198630326,213.80226959413045,200.59271795074113
0.24401933333361245,198.26788533424863,213.89291867931115,200.59198791917788
0.24501933333361345,198.302110293962,213.97882159662785,200.59112237374654
0.24601933333361445,198.33243294181327,214.06007983832558,200.5901242812045
0.24701933333361545,198.35893756220722,214.13679278465304,200.58899654650625
0.24801933333361645,198.381706684825,214.20905774775702,200.5877420140865
0.24901933333361745,198.4008211210937,214.27697001466154,200.58636346911874
0.25002000000028857,198.41636914879467,214.34066383988932,200.5848626207733
0.2510210000002618,198.42832374333244,214.39997507927995,200.58330166712648
0.252022000000235,198.4366707346634,214.45476681198258,200.58173684348696
0.2530230000002082,198.44148852808667,214.50513633930566,200.58016826671698
0.25402400000018144,198.4428538945658,214.55117893522524,200.57859605121067
0.25502500000015466,198.44084200472926,214.5929878885597,200.57702030894643
0.2560260000001279,198.43552646216645,214.63065454426894,200.57544114953677
0.2570270000001011,198.42697933602523,214.66426834389281,200.57385868027842
0.2580280000000743,198.41527119293542,214.69391686514763,200.57227300619908
0.2590290000000475,198.40047112826775,214.71968586070312,200.57068423010713
0.26003000000002074,198.38264679674188,214.74165929614708,200.5690924526334
0.26103099999999396,198.36186444239678,214.75991938716587,200.56749777228165
0.2620319999999672,198.33818892794014,214.77454663594636,200.56590028546984
0.2630329999999404,198.3116837634869,214.78561986682675,200.5643000865736
0.2640339999999136,198.28241113469514,214.79321626119736,200.56269726797075
0.26503499999988683,198.25043193032397,214.79741139168306,200.5610919200799
0.26603599999986005,198.21580576921434,214.79827925561145,200.55948413140368
0.26703666666650394,198.17860739284097,214.79588256848737,200.5578780817109
0.26803766666647716,198.13890698463118,214.79017272042967,200.55631068540023
0.2690386666664504,198.09678178899617,214.78119039015644,200.5547918943733
0.2700396666664236,198.0522854981676,214.7690070441895,200.55332068154414
0.2710406666663968,198.00547068422745,214.75369265902106,200.55189604120682
0.27204166666637003,197.9563888224116,214.73531575211558,200.55051698859265
0.27304266666634325,197.905090313931,214.7139434122624,200.5491825594338
0.27404366666631647,197.85162450831493,214.68964132929685,200.5478918095363
0.2750446666662897,197.79603972529293,214.66247382320537,200.5466438143635
0.2760456666662629,197.73838327621976,214.6325038726242,200.54543766862705
0.2770466666662361,197.67870148505128,214.5997931427455,200.54427248588598
0.27804766666620934,197.6170397088917,214.56440201264323,200.54314739815544
0.27904866666618255,197.55344235810628,214.5263896020287,200.54206155552046
0.28004966666615577,197.48795291602042,214.48581379745187,200.54101412576244
0.281050666666129,197.42061395820454,214.44273127795645,200.54000429399125
0.2820516666661022,197.35146717136254,214.39719754020228,200.53903126228286
0.2830526666660754,197.2805533718243,214.34926692306232,200.5380942493276
0.2840533333327193,197.20799300774183,214.29902268170278,200.53719451264348
0.28505433333269253,197.1339267289721,214.2465180062641,200.5363353276872
0.28605533333266575,197.058420709999,214.19182117213614,200.53551638917398
0.28705633333263897,196.98150788197503,214.1349810661913,200.5347368375192
0.2880573333326122,196.90322048804083,214.07604555507754,200.53399583104323
0.2890583333325854,196.8235900976395,214.0150615064461,200.53329254559503
0.2900593333325586,196.74264762053733,213.95207480973409,200.53262617419156
0.29106033333253184,196.6604233205449,213.88713039651788,200.53199592665845
0.29206133333250506,196.5769468289607,213.82027226044195,200.53140102927966
0.2930623333324783,196.49224715772849,213.75154347672975,200.5308407244568
0.2940633333324515,196.4063527123262,213.68098622129543,200.53031427037357
0.2950643333324247,196.3192913043836,213.608641789452,200.52982094066672
0.29606533333239793,196.23109016403814,213.5345506142349,200.52936002410482
0.29706633333237115,196.14177595203375,213.45875228433974,200.52893082427298
0.29806733333234436,196.05137477157064,213.38128556169096,200.52853265926618
0.2990683333323176,195.95991217990252,213.30218839864324,200.52816486138605
0.30006899999896147,195.86744493014626,213.2215255613766,200.5278268575377
0.3010699999989347,195.7741172187027,213.1393933646951,200.52751132485565
0.3020709999989079,195.68011823554048,213.05593841593893,200.52721296090377
0.3030719999988811,195.58546455829276,212.9711912635175,200.52693139793058
0.30407299999885434,195.4901724171328,212.88518181734344,200.52666627584568
0.30507399999882756,195.39425770200322,212.79793936211746,200.5264172420595
0.3060749999988008,195.29773596969713,212.70949257033848,200.5261839513276
0.307075999998774,195.20062245079154,212.61986951503903,200.5259660655982
0.3080769999987472,195.1029320564353,212.5290976822588,200.52576325386116
0.30907799999872043,195.00467938499435,212.43720398325982,200.52557519200337
0.31007899999869365,194.90587872856372,212.3442147664845,200.52540156266505
0.31107999999866687,194.80654407933957,212.25015582926758,200.52524205509758
0.3120809999986401,194.70668913586093,212.15505242930155,200.52509636502754
0.3130819999986133,194.6063273091207,212.05892929586528,200.5249641945207
0.3140829999985865,194.50547172854832,211.96181064082074,200.52484525185108
0.31508399999855974,194.404135247872,211.86372016937855,200.52473925137278
0.31608499999853296,194.30233045085444,211.76468109063958,200.524645913391
0.31708566666517685,194.2001370069674,211.66477604957444,200.52456394780555
0.31808666666515006,194.09777863390286,211.5641837125608,200.5244842650757
0.3190876666651233,193.9953577168564,211.46300411307283,200.5244048578439
0.3200886666650965,193.89287774973457,211.36125214834055,200.5243257217626
0.3210896666650697,193.7903421515719,211.258942403021,200.52424685257245
0.32209066666504294,193.68775426808813,211.15608915570584,200.52416824610148
0.32309166666501615,193.5851173732168,211.05270638528867,200.52408989826364
0.32409266666498937,193.4824346705998,210.9488077772017,200.52401180505524
0.3250936666649626,193.37970929505252,210.84440672952388,200.5239339625558
0.3260946666649358,193.27694431399712,210.73951635896083,200.5238563669249
0.327095666664909,193.17414272886788,210.6341495067005,200.5237790143996
0.32809666666488224,193.0713074764847,210.5283187441472,200.5237019012956
0.32909766666485546,192.96844143039905,210.42203637853572,200.52362502400214
0.3300986666648287,192.86554740221428,210.3153144584303,200.52354837898304
0.3310996666648019,192.76262814287438,210.20816477910694,200.52347196277333
0.3321006666647751,192.65968634392948,210.1005988878249,200.5233957719812
0.33310166666474833,192.55672463877085,209.9926280889911,200.5233198032818
0.3341023333313922,192.45389706633355,209.88440538892314,200.52324225588862
0.33510333333136544,192.3514027204303,209.77610885669165,200.52315895124084
0.33610433333133866,192.24928058628538,209.66778713182777,200.52306987678566
0.3371053333313119,192.14752468195496,209.55944301747948,200.52297516005297
0.3381063333312851,192.04612914816892,209.45107925620317,200.52287492591026
0.3391073333312583,191.94508824578,209.34269853122842,200.52276929662207
0.3401083333312315,191.84439635326828,209.23430346769146,200.52265839190062
0.34110933333120474,191.7440479642947,209.12589663384938,200.52254232896107
0.34211033333117796,191.64403768530792,209.017480542262,200.52242122257306
0.3431113333311512,191.54436023319923,208.90905765095556,200.52229518511058
0.3441123333311244,191.445010433007,208.80063036455832,200.52216432660234
0.3451133333310976,191.34598321566864,208.69220103541318,200.5220287547822
0.34611433333107083,191.2472736158207,208.5837719646676,200.52188857513445
0.34711533333104405,191.14887676964165,208.4753454033427,200.52174389094193
0.34811633333101727,191.05078791274275,208.36692355337493,200.52159480333216
0.3491173333309905,190.95300237810048,208.25850856864218,200.52144141131987
0.3501179999976344,190.8555506889038,208.15014129043246,200.52128385651315
0.3511189999976076,190.7585965605588,208.04198087495377,200.52112138870558
0.3521199999975808,190.66231234623422,207.93420730005087,200.520953694708
0.35312099999755403,190.56668545808338,207.82681438276197,200.52078089184374
0.35412199999752725,190.47170356876148,207.71979606687532,200.52060309498907
0.35512299999750047,190.3773546060074,207.61314642029728,200.5204204166209
0.3561239999974737,190.2836267473408,207.5068596324708,200.52023296686727
0.3571249999974469,190.19050841486498,207.40093001185065,200.52004085355827
0.3581259999974201,190.0979882701813,207.29535198342745,200.51984418227102
0.35912699999739334,190.0060552094103,207.19012008630722,200.51964305637782
0.36012799999736655,189.91469835831236,207.085228971338,200.5194375770927
0.3611289999973398,189.82390706751286,206.9806733987886,200.51922784351592
0.362129999997313,189.73367090782546,206.8764482360737,200.51901395267708
0.3631309999972862,189.64397966567574,206.77254845552628,200.51879599957954
0.3641319999972594,189.5548233386127,206.6689691322174,200.5185740772411
0.36513299999723264,189.46619213092282,206.56570544182185,200.5183482767369
0.36613399999720586,189.37807644932764,206.4627526585259,200.5181186872383
0.36713466666384975,189.29053501195898,206.36018141901616,200.51788558939063
0.36813566666382297,189.20376543114006,206.2581983425599,200.5176496950185
0.3691366666637962,189.1178313986794,206.1568790160221,200.51741129297653
0.3701376666637694,189.0327165035541,206.0562110906112,200.51717044284686
0.3711386666637426,188.94840467515283,205.95618247295297,200.51692720296577
0.37213966666371584,188.8648801761897,205.85678131978196,200.5166816304473
0.37314066666368906,188.7821275957764,205.7579960327359,200.51643378121153
0.3741416666636623,188.70013184263183,205.6598152532657,200.5161837100069
0.3751426666636355,188.6188781384334,205.56222785764564,200.51593147043573
0.3761436666636087,188.5383520113091,205.4652229520945,200.51567711497725
0.37714466666358193,188.45853928946383,205.36878986798942,200.5154206950127
0.37814566666355515,188.37942609493774,205.2729181571858,200.51516226084772
0.37914666666352836,188.30099883749563,205.17759758743233,200.51490186173257
0.3801476666635016,188.2232442086414,205.08281813787985,200.51463954588604
0.3811486666634748,188.1461491757596,204.98856999468688,200.514375360517
0.382149666663448,188.06970097637583,204.89484354671538,200.5141093518444
0.38315066666342124,187.9938871125421,204.80162938131292,200.51384156511952
0.3841513333300651,187.91882501185162,204.7090666149827,200.51357257233326
0.38515233333003834,187.8446528792123,204.61730924593894,200.51330307423325
0.38615333333001156,187.77138266750757,204.5263777590089,200.51303319667934
0.3871543333299848,187.69899625645945,204.43625605772428,200.51276295355416
0.388155333329958,187.62747590208357,204.34692837936848,200.51249235844418
0.3891563333299312,187.55680422886041,204.25837928803583,200.51222142464832
0.39015733332990443,187.48696422207337,204.17059366783317,200.51195016518196
0.39115833332987765,187.41793922030215,204.083556716226,200.51167859278456
0.39215933332985087,187.34971290807636,203.99725393751783,200.51140671992385
0.3931603333298241,187.28226930867794,203.91167113647091,200.51113455880298
0.3941613333297973,187.2155927770958,203.8267944120579,200.51086212136508
0.3951623333297705,187.14966799312643,203.7426101513409,200.5105894192993
0.39616333332974374,187.08447995461685,203.6591050234802,200.51031646404363
0.39716433332971696,187.02001397085246,203.57626597386837,200.51004326679444
0.3981653333296902,186.95625565607477,203.49408021838443,200.50976983850953
0.3991663333296634,186.89319092314201,203.41253523776768,200.5094961899102
0.4001669999963073,186.83083031907432,203.33165000679537,200.5092224332115
0.4011679999962805,186.76928733053427,203.25155986046047,200.50894887689614
0.4021689999962537,186.7086569362399,203.17238434650812,200.50867587117585
0.40316999999622694,186.64892052036978,203.0941051906884,200.50840340973917
0.40417099999620015,186.5900598539788,203.0167044981364,200.50813148640205
0.40517199999617337,186.5320570869465,202.94016474548235,200.50786009510355
0.4061729999961466,186.47489474010314,202.86446877312233,200.50758922990252
0.4071739999961198,186.41855569750805,202.78959977765535,200.5073188849771
0.408174999996093,186.36302319889776,202.71554130447046,200.50704905462158
0.40917599999606624,186.30828083228684,202.64227724049496,200.50677973324377
0.41017699999603946,186.25431252672254,202.56979180709047,200.50651091536244
0.4111779999960127,186.2011025451918,202.49806955309447,200.50624259560533
0.4121789999959859,186.14863547767555,202.427095348012,200.5059747687069
0.4131799999959591,186.0968962343458,202.35685437534357,200.50570742950654
0.41418099999593233,186.0458700389061,202.28733212605613,200.50544057294428
0.41518199999590555,185.9955424220698,202.21851439218506,200.50517419406196
0.41618299999587877,185.94589921517473,202.1503872605756,200.50490828799883
0.41718366666252266,185.89697123756426,202.08299578455333,200.50464296305725
0.4181846666624959,185.848870988834,202.01648402115185,200.50437817563957
0.4191856666624691,185.80162221089515,201.95088777460606,200.5041140275546
0.4201866666624423,185.75520734078543,201.88618846878686,200.50385051037392
0.4211876666624155,185.70960918073553,201.8223679135135,200.50358761583934
0.42218866666238875,185.66481089057265,201.75940829652492,200.50332533586064
0.42318966666236196,185.6207959802796,201.69729217562045,200.50306366251024
0.4241906666623352,185.57754830271395,201.63600247096218,200.5028025880217
0.4251916666623084,185.53505204647334,201.57552245753612,200.5025421047831
0.4261926666622816,185.493291728913,201.51583575777434,200.50228220533774
0.42719366666225483,185.4522521893078,201.45692633432498,200.50202288237955
0.42819466666222805,185.41191858215444,201.39877848297743,200.5017641287479
0.42919566666220127,185.37227637061534,201.34137682573234,200.5015059374277
0.4301966666621745,185.33331132009664,201.28470630401665,200.5012483015441
0.4311976666621477,185.29500949196316,201.22875217203796,200.50099121436162
0.4321986666621209,185.25735723737984,201.17349999028173,200.50073466927918
0.43319966666209414,185.22034119128634,201.11893561913703,200.50047865982765
0.43420033332873803,185.1840217969294,201.06514754146505,200.50022322162806
0.43520133332871125,185.14846111327333,201.0122224443323,200.4999681089951
0.43620233332868447,185.11365677080875,200.96016230206968,200.4997134024334
0.4372033333286577,185.07959301964348,200.90894935814578,200.499459098399
0.4382043333286309,185.0462544375274,200.85856622516286,200.49920519341745
0.4392053333286041,185.01362592303965,200.80899587717622,200.4989516840797
0.44020633332857734,184.98169268891175,200.76022164217625,200.49869856704524
0.44120733332855055,184.95044025549402,200.7122271947258,200.49844583903655
0.4422083333285238,184.91985444435664,200.66499654874988,200.49819349684014
0.443209333328497,184.88992137202246,200.61851405047926,200.49794153730426
0.4442103333284702,184.86062744383318,200.5727643715368,200.49768995733737
0.4452113333284434,184.83195934794054,200.52773250216825,200.4974387539085
0.44621233332841664,184.80390404942298,200.48340374461526,200.49718792404377
0.44721333332838986,184.77644878452602,200.43976370662543,200.49693746482748
0.4482143333283631,184.74958105502066,200.39679829509788,200.49668737339772
0.4492153333283363,184.7232886226802,200.35449370985953,200.49643764694906
0.4502159999949802,184.6975707509702,200.3128543760874,200.49618836151268
0.4512169999949534,184.67247793679925,200.27195880472902,200.49593922819477
0.4522179999949266,184.64804184872645,200.23185995443413,200.49569027523242
0.45321899999489984,184.62424869084032,200.19254130596693,200.49544150387865
0.45421999999487306,184.6010849543437,200.15398668366734,200.4951929153552
0.4552209999948463,184.5785374115812,200.11618024830443,200.49494451085314
0.4562219999948195,184.55659311019195,200.07910649007778,200.49469629153464
0.4572229999947927,184.53523936738253,200.0427502217655,200.49444825853178
0.45822399999476593,184.5144637643181,200.0070965720137,200.4942004129485
0.45922499999473915,184.494254140632,199.97213097876548,200.49395275586068
0.46022599999471236,184.47459858905034,199.93783918282745,200.49370528831696
0.4612269999946856,184.4554854501258,199.90420722157057,200.49345801133907
0.4622279999946588,184.4369033070821,199.87122142275902,200.4932109259226
0.463228999994632,184.41884098076673,199.83886839851183,200.4929640330376
0.46422999999460524,184.4012875247074,199.80713503938588,200.49271733362866
0.46523099999457845,184.38423222027163,199.77600850858494,200.49247082861604
0.46623199999455167,184.3676645719273,199.7454762362884,200.49222451889568
0.46723266666119556,184.35159230622753,199.71555749143414,200.49197846570394
0.4682336666611688,184.33605340021907,199.68632047677485,200.49173240642634
0.469234666661142,184.32104931478716,199.65777348392018,200.4914864139192
0.4702356666611152,184.30656871300354,199.62990207728382,200.491240491848
0.47123666666108843,184.29260049398104,199.60269212164977,200.49099464379657
0.47223766666106165,184.27913378796293,199.5761297759201,200.49074887326935
0.47323866666103487,184.26615795151469,199.55020148699884,200.49050318369243
0.4742396666610081,184.25366256281524,199.524893983802,200.4902575784157
0.4752406666609813,184.2416374170468,199.50019427138795,200.49001206071574
0.4762416666609545,184.230072521882,199.4760896252164,200.48976663379398
0.47724266666092774,184.21895809306267,199.4525675855215,200.48952130078175
0.47824366666090096,184.20828455007057,199.42961595180432,200.48927606473816
0.4792446666608742,184.19804251189024,199.4072227774399,200.48903092865604
0.4802456666608474,184.1882227928579,199.38537636439574,200.48878589545933
0.4812466666608206,184.17881639859792,199.3640652580618,200.48854096800707
0.48224766666079383,184.1698145220438,199.34327824218352,200.48829614909354
0.48324866666076705,184.16120853954095,199.32300433390802,200.48805144144944
0.48424933332741094,184.1530121181886,199.30327964289202,200.48780689823124
0.48525033332738415,184.1452377669776,199.2841349781408,200.48756231736044
0.48625133332735737,184.1378793613241,199.26556497299916,200.48731778417581
0.4872523333273306,184.1309279944536,199.24755749700032,200.4870733027285
0.4882533333273038,184.1243749451231,199.23010067218988,200.48682887697908
0.489254333327277,184.11821167376178,199.2131828678716,200.4865845108024
0.49025533332725024,184.1124298186914,199.19679269546756,200.48634020798585
0.49125633332722346,184.1070211924248,199.18091900347727,200.4860959722343
0.4922573333271967,184.10197777804404,199.16555087254798,200.48585180716992
0.4932583333271699,184.09729172564923,199.15067761064466,200.48560771633458
0.4942593333271431,184.0929553488869,199.13628874832236,200.4853637031918
0.49526033332711633,184.08896112154636,199.12237403409424,200.48511977112744
0.49626133332708955,184.08530167422668,199.10892342989825,200.4848759234517
0.49726233332706277,184.08196979107888,199.0959271066576,200.48463216340272
0.498263333327036,184.07895840660592,199.08337543993235,200.48438849414453
0.4992643333270092,184.0762606025394,199.07125900566413,200.48414491877082
0.5002649999936678,184.07387105146438,199.0595745985477,200.48390152005882
0.5012649999936966,184.07179726847133,199.04835976157437,200.48365835611722
0.5022649999937253,184.0700361085198,199.0376135155443,200.48341525825307
0.5032649999937541,184.0685808055196,199.02732588713627,200.4831722300778
0.5042649999937828,184.06742473425746,199.0174871105227,200.482929275123
0.5052649999938116,184.06656140746827,199.00808762305655,200.48268639684153
0.5062649999938403,184.0659844729702,198.9991180610506,200.48244359860982
0.5072649999938691,184.0656877108561,198.99056925563997,200.48220088372997
0.5082649999938978,184.06566503074347,198.98243222873575,200.4819582554281
0.5092649999939266,184.06591046908497,198.9746981890583,200.4817157168607
0.5102649999939554,184.06641818652975,198.9673585282559,200.48147327111286
0.5112649999939841,184.06718246534416,198.9604048171023,200.48123092120045
0.5122649999940129,184.06819770688176,198.9538288017757,200.4809886700721
0.5132649999940416,184.0694584291117,198.94762240021208,200.48074652060987
0.5142649999940704,184.07095926419285,198.9417776985342,200.48050447563148
0.5152649999940991,184.07269495609972,198.9362869475599,200.48026253789064
0.5162649999941279,184.07466035830055,198.93114255937596,200.48002071007906
0.5172656666608273,184.076851922142,198.9263402145943,200.4797788289869
0.518265666660856,184.07926161382522,198.92190435739374,200.47953720014544
0.5192656666608848,184.08188597329425,198.91782661240785,200.47929566331047
0.5202656666609136,184.08472027487153,198.91409927181834,200.47905422149665
0.5212656666609423,184.08775989135012,198.91071478825242,200.4788128776514
0.5222656666609711,184.09100029194548,198.90766577144717,200.4785716346562
0.5232656666609998,184.09443704029408,198.904944984983,200.47833049532696
0.5242656666610286,184.09806579248743,198.9025453430866,200.47808946241713
0.5252656666610573,184.10188229515373,198.90045990750076,200.47784853861697
0.5262656666610861,184.1058823835737,198.89868188441832,200.4776077265559
0.5272656666611149,184.11006197983926,198.8972046214808,200.47736702880562
0.5282656666611436,184.1144170910496,198.89602160483645,200.47712644787785
0.5292656666611724,184.11894380754313,198.89512645626394,200.47688598622747
0.5302656666612011,184.1236383011689,198.89451293035242,200.4766456462536
0.5312656666612299,184.12849682359044,198.89417491174228,200.47640543030053
0.5322656666612586,184.1335157046283,198.89410641242023,200.47616534065943
0.5332656666612874,184.13869135063572,198.89430156907423,200.47592537956794
0.5342663333279868,184.144017444263,198.8947603368457,200.47568537661263
0.5352663333280155,184.14947534428055,198.895483195553,200.47544563758436
0.5362663333280443,184.15506546191534,198.89646462305765,200.4752060052036
0.537266333328073,184.16078480400205,198.89769897252225,200.4749664821267
0.5382663333281018,184.166630439824,198.8991807147317,200.47472707095156
0.5392663333281306,184.17259949981278,198.9009044356467,200.47448777421386
0.5402663333281593,184.1786891742781,198.9028648340127,200.47424859439465
0.5412663333281881,184.1848967121625,198.90505671901343,200.47400953391804
0.5422663333282168,184.19121941982598,198.90747500797664,200.4737705951524
0.5432663333282456,184.19765465984747,198.9101147241263,200.47353178041263
0.5442663333282743,184.20419984985912,198.91297099438165,200.47329309196
0.5452663333283031,184.21085246140208,198.9160390472026,200.47305453200448
0.5462663333283319,184.21761001880503,198.91931421047855,200.47281610270474
0.5472663333283606,184.22447009808812,198.92279190946118,200.4725778061705
0.5482663333283894,184.2314303258868,198.92646766474303,200.4723396444622
0.5492663333284181,184.23848837840174,198.9303370902735,200.47210161959296
0.5502669999951175,184.24564591513015,198.93439848963658,200.47186357372124
0.5512669999951463,184.25287435703834,198.93863894405587,200.47162580140258
0.552266999995175,184.26017018299373,198.94305578664878,200.47138813700147
0.5532669999952038,184.26753177517958,198.94764508746962,200.47115058310652
0.5542669999952325,184.27495754961785,198.95240299850767,200.47091314224653
0.5552669999952613,184.28244595546326,198.95732575198127,200.47067581689518
0.5562669999952901,184.2899954743175,198.96240965867244,200.47043860946766
0.5572669999953188,184.297604619552,198.96765110629275,200.47020152232497
0.5582669999953476,184.30527193564936,198.97304655788582,200.4699645577741
0.5592669999953763,184.31299599755647,198.97859255025952,200.4697277180696
0.5602669999954051,184.32077541004958,198.98428569245323,200.4694910054145
0.5612669999954338,184.32860880711567,198.99012266423912,200.46925442196022
0.5622669999954626,184.3364948513454,198.99610021464864,200.46901796980976
0.5632669999954913,184.34443223333727,199.0022151605356,200.46878165101728
0.5642669999955201,184.35241967111537,199.008464385163,200.4685454675895
0.5652669999955489,184.36045590956124,199.01484483682637,200.46830942148648
0.5662669999955776,184.3685397198539,199.02135352750068,200.46807351462314
0.567267666662277,184.37666997052293,199.02798894125465,200.46783758460612
0.5682676666623058,184.38481290900822,199.0347269912823,200.46760191871152
0.5692676666623345,184.39297103789713,199.04156825814167,200.46736635917276
0.5702676666623633,184.40114385719434,199.0485103537379,200.467130908568
0.571267666662392,184.40933087748073,199.05555093984566,200.4668955694165
0.5722676666624208,184.41753161969137,199.06268772707426,200.46666034418354
0.5732676666624495,184.42574561490068,199.06991847385189,200.4664252352744
0.5742676666624783,184.43397240411207,199.0772409854312,200.46619024504167
0.5752676666625071,184.44221153805083,199.08465311291803,200.46595537578392
0.5762676666625358,184.4504625769615,199.09215275231463,200.46572062974715
0.5772676666625646,184.45872509041124,199.09973784358974,200.46548600912584
0.5782676666625933,184.46699865709425,199.1074063697628,200.46525151606446
0.5792676666626221,184.47528286464348,199.1151563560104,200.46501715265782
0.5802676666626508,184.48357730944375,199.12298586878822,200.46478292095273
0.5812676666626796,184.49188159644942,199.13089301497556,200.46454882294842
0.5822676666627083,184.50019533900706,199.13887594103116,200.46431486059782
0.5832676666627371,184.5085181586805,199.14693283217588,200.46408103580896
0.5842683333294365,184.51684135072796,199.15505650631525,200.46384717692055
0.5852683333294653,184.52513602223937,199.16322077899636,200.46361357503545
0.586268333329494,184.53340798497968,199.1714298228372,200.46338007688126
0.5872683333295228,184.54165756127392,199.1796824931089,200.46314668505048
0.5882683333295515,184.5498850669007,199.18797766908645,200.46291340207762
0.5892683333295803,184.55809081122393,199.19631425354737,200.46268023043896
0.590268333329609,184.56627509732934,199.20469117228623,200.46244717255604
0.5912683333296378,184.57443822215183,199.21310737363433,200.46221423079342
0.5922683333296666,184.5825804766058,199.2215618279909,200.4619814074628
0.5932683333296953,184.59070214570906,199.2300535273644,200.4617487048233
0.5942683333297241,184.59880350870324,199.23858148492434,200.46151612508194
0.5952683333297528,184.60688483917744,199.24714473455987,200.46128367039563
0.5962683333297816,184.6149464051819,199.25574233045023,200.46105134287075
0.5972683333298103,184.6229884693454,199.2643733466419,200.46081914456667
0.5982683333298391,184.63101128898683,199.2730368766355,200.46058707749427
0.5992683333298678,184.63901511622578,199.28173203298303,200.46035514361833
0.6002689999965672,184.64700437538104,199.29046271286214,200.46012318891223
0.601268999996596,184.6549468245197,199.29919609763078,200.45989149637367
0.6022689999966248,184.66284019331374,199.30792986455907,200.45965990322804
0.6032689999966535,184.67068538579863,199.31666382392268,200.45942841212224
0.6042689999966823,184.6784832873382,199.32539779012262,200.4591970256447
0.605268999996711,184.68623476501327,199.33413158159775,200.45896574632454
0.6062689999967398,184.69394066800214,199.34286502074232,200.45873457663404
0.6072689999967685,184.70160182795064,199.35159793382152,200.4585035189891
0.6082689999967973,184.70921905933642,199.36033015089146,200.45827257575104
0.609268999996826,184.71679315982757,199.36906150572162,200.45804174922728
0.6102689999968548,184.7243249106319,199.37779183571786,200.45781104167241
0.6112689999968836,184.7318150768365,199.38652098184286,200.45758045529004
0.6122689999969123,184.73926440774414,199.39524878854598,200.4573499922325
0.6132689999969411,184.74667363720047,199.4039751036887,200.45711965460336
0.6142689999969698,184.75404348391652,199.41269977847458,200.45688944445746
0.6152689999969986,184.76137465178218,199.42142266737753,200.45665936380252
0.6162689999970273,184.7686678301727,199.4301436280771,200.45642941459994
0.6172696666637267,184.77592317700567,199.43886269868565,200.4561994384495
0.6182696666637555,184.78311018902727,199.44754545120506,200.45596971487967
0.6192696666637842,184.79023265654948,199.45619576551667,200.45574009017895
0.620269666663813,184.79729183611977,199.46481416779895,200.45551056696456
0.6212696666638418,184.80428895825736,199.4734011734466,200.45528114779597
0.6222696666638705,184.8112252279943,199.48195728728945,200.45505183517463
0.6232696666638993,184.8181018254054,199.49048300381486,200.454822631545
0.624269666663928,184.82491990612618,199.4989788073818,200.4545935392957
0.6252696666639568,184.8316806018614,199.5074451724296,200.4543645607619
0.6262696666639855,184.83838502088244,199.51588256368657,200.4541356982257
0.6272696666640143,184.84503424851198,199.52429143636977,200.45390695391603
0.628269666664043,184.85162934760368,199.53267223638298,200.45367833001174
0.6292696666640718,184.85817135900777,199.5410254005103,200.45344982864154
0.6302696666641006,184.86466130202732,199.54935135660563,200.45322145188538
0.6312696666641293,184.87110017486796,199.55765052377825,200.45299320177512
0.6322696666641581,184.87748895507474,199.56592331257372,200.45276508029582
0.6332696666641868,184.88382859996244,199.5741701251514,200.45253708938677
0.6342703333308862,184.8901127753799,199.5823834499332,200.4523090622119
0.635270333330915,184.89631975921407,199.5905360596502,200.4520812834347
0.6362703333309437,184.90245516898426,199.5986344153677,200.4518536036617
0.6372703333309725,184.90852043470403,199.6066795294421,200.4516260254677
0.6382703333310012,184.91451695672436,199.61467239330585,200.45139855136944
0.63927033333103,184.92044610635458,199.62261397790394,200.45117118382643
0.6402703333310588,184.92630922646296,199.6305052341187,200.45094392524268
0.6412703333310875,184.93210763206798,199.63834709318616,200.4507167779675
0.6422703333311163,184.9378426109191,199.64614046710517,200.45048974429702
0.643270333331145,184.94351542405957,199.65388624903696,200.45026282647507
0.6442703333311738,184.94912730638558,199.66158531369504,200.4500360266938
0.6452703333312025,184.95467946718702,199.66923851773092,200.4498093470957
0.6462703333312313,184.9601730906792,199.67684670010615,200.44958278977407
0.64727033333126,184.96560933652555,199.68441068246332,200.44935635677334
0.6482703333312888,184.97098934034736,199.69193126948264,200.44913005009164
0.6492703333313176,184.97631421422227,199.69940924923705,200.4489038716812
0.650270999998017,184.9815877259362,199.70684928877282,200.44867767139928
0.6512709999980457,184.98678846736047,199.71422241500977,200.44845172614896
0.6522709999980745,184.9919155108588,199.7215272798156,200.44822587761672
0.6532709999981032,184.99697035360282,199.72876521682946,200.44800012838851
0.654270999998132,185.00195446168675,199.73593753206077,200.44777448099308
0.6552709999981607,185.0068692707706,199.7430455044627,200.44754893790127
0.6562709999981895,185.01171618671484,199.75009038649486,200.44732350152796
0.6572709999982183,185.016496586198,199.7570734046752,200.44709817423345
0.658270999998247,185.0212118173244,199.76399576011607,200.4468729583247
0.6592709999982758,185.0258632002163,199.77085862905426,200.44664785605602
0.6602709999983045,185.03045202759753,199.77766316336658,200.44642286962957
0.6612709999983333,185.03497956535986,199.7844104910782,200.44619800119813
0.662270999998362,185.03944705312364,199.79110171685545,200.44597325286477
0.6632709999983908,185.04385570478198,199.7977379224926,200.4457486266844
0.6642709999984195,185.04820670903658,199.80432016738675,200.44552412466473
0.6652709999984483,185.0525012299187,199.81084948900406,200.44529974876676
0.666270999998477,185.05674040730503,199.81732690333376,200.4450755009073
0.6672716666651765,185.0609248088019,199.82375299904604,200.4448512267025
0.6682716666652052,185.06503668581294,199.83010151594712,200.44462719929942
0.669271666665234,185.0690788771062,199.83637624633644,200.44440326887226
0.6702716666652627,185.07305281508155,199.84257866547537,200.44417943796213
0.6712716666652915,185.07695990238858,199.84871021802485,200.443955709053
0.6722716666653202,185.08080151254183,199.85477231868452,200.44373208457205
0.673271666665349,185.08457899052974,199.86076635281006,200.443508566892
0.6742716666653777,185.08829365340642,199.86669367702632,200.44328515833135
0.6752716666654065,185.09194679086946,199.87255561982454,200.44306186115634
0.6762716666654353,185.09553966583212,199.8783534821456,200.4428386775818
0.677271666665464,185.0990735149787,199.88408853795215,200.44261560977023
0.6782716666654928,185.10254954930772,199.8897620347917,200.44239265983657
0.6792716666655215,185.10596895466887,199.89537519434143,200.44216982984645
0.6802716666655503,185.10933289228353,199.90092921295016,200.44194712181837
0.681271666665579,185.11264249925685,199.90642526216197,200.44172453772438
0.6822716666656078,185.11589888907872,199.9118644892316,200.44150207949113
0.6832716666656365,185.11910315211543,199.91724801763084,200.44127974900033
0.684272333332336,185.12225222662494,199.9225708175036,200.44105738355194
0.6852723333323647,185.1253352768235,199.92781492201405,200.44083526089037
0.6862723333323935,185.1283557219763,199.93298538673403,200.4406132353243
0.6872723333324222,185.1313148616303,199.9380837066691,200.44039130935158
0.688272333332451,185.13421396832877,199.94311134579206,200.44016948541545
0.6892723333324797,185.1370542881705,199.9480697376878,200.43994776590284
0.6902723333325085,185.13983704135984,199.95296028618424,200.43972615314686
0.6912723333325372,185.14256342274558,199.95778436597126,200.43950464942765
0.692272333332566,185.14523460234898,199.96254332320714,200.4392832569734
0.6932723333325947,185.147851725877,199.96723847610906,200.43906197796034
0.6942723333326235,185.15041591522802,199.9718711155364,200.43884081451807
0.6952723333326523,185.15292826898886,199.9764425055564,200.4386197687246
0.696272333332681,185.15538986291654,199.98095388400318,200.43839884261152
0.6972723333327098,185.157801750415,199.98540646302317,200.43817803816296
0.6982723333327385,185.16016496299846,199.9898014296055,200.4379573573181
0.6992723333327673,185.16248051074552,199.9941399461096,200.4377368019711
0.7002729999994667,185.16475049231036,199.99842531096544,200.4375162256793
0.7012729999994954,185.16696562273438,200.00264030285186,200.43729589834774
0.7022729999995242,185.16912582151357,200.00678442121423,200.4370756656188
0.703272999999553,185.17123223909059,200.0108591221818,200.43685553000975
0.7042729999995817,185.17328600199093,200.0148658316413,200.4366354939781
0.7052729999996105,185.17528821332132,200.0188059458634,200.43641555992772
0.7062729999996392,185.17723995325443,200.02268083211973,200.43619573020817
0.707272999999668,185.17914227950877,200.0264918292847,200.43597600711468
0.7082729999996967,185.1809962278114,200.03024024842622,200.43575639289153
0.7092729999997255,185.18280281235775,200.03392737338282,200.43553688973094
0.7102729999997542,185.18456302625705,200.03755446132968,200.43531749977507
0.711272999999783,185.1862778419737,200.041122743333,200.4350982251186
0.7122729999998118,185.18794821175237,200.0446334248939,200.43487906780666
0.7132729999998405,185.1895750680411,200.04808768647624,200.43466002983743
0.7142729999998693,185.19115932390147,200.0514866840292,200.43444111316424
0.715272999999898,185.19270187341115,200.05483154949755,200.43422231969453
0.7162729999999268,185.19420359206012,200.05812339131845,200.43400365129204
0.7172736666666262,185.19566498905516,200.0613627846438,200.43378495733867
0.7182736666666549,185.1970797633659,200.06453595328665,200.4335665040915
0.7192736666666837,185.19844932316502,200.06764530156815,200.43334814546992
0.7202736666667124,185.19977462387166,200.07069215363393,200.43312988394985
0.7212736666667412,185.20105660103522,200.07367780611455,200.43291172195222
0.72227366666677,185.20229617074767,200.07660352869755,200.4326936618427
0.7232736666667987,185.20349423004703,200.07947056468618,200.4324757059334
0.7242736666668275,185.20465165731474,200.08228013154957,200.43225785648417
0.7252736666668562,185.20576931266163,200.08503342145667,200.4320401157033
0.726273666666885,185.20684803830997,200.08773160180513,200.43182248574885
0.7272736666669137,185.20788865896307,200.09037581573463,200.4316049687314
0.7282736666669425,185.2088919821705,200.09296718263016,200.43138756670783
0.7292736666669712,185.2098587986837,200.0955067986176,200.43117028169334
0.730273666667,185.21078988280652,200.0979957370461,200.4309531156552
0.7312736666670288,185.2116859927349,200.10043504896063,200.43073607051494
0.7322736666670575,185.21254787089381,200.10282576356624,200.43051914815024
0.7332736666670863,185.21337624426482,200.10516888868233,200.4303023503949
0.7342743333337857,185.21417043381723,200.10746212091036,200.4300855184895
0.7352743333338144,185.21492773378452,200.10969747258073,200.42986892328275
0.7362743333338432,185.21564945307117,200.11187765056232,200.42965242271381
0.7372743333338719,185.21633635092155,200.11400381014988,200.42943601922013
0.7382743333339007,185.21698917078132,200.11607708262093,200.4292197151842
0.7392743333339294,185.21760864062765,200.11809857573394,200.4290035129345
0.7402743333339582,185.21819547328965,200.12006937421964,200.4287874147467
0.741274333333987,185.21875036676212,200.12199054025598,200.42857142284544
0.7422743333340157,185.2192740045164,200.12386311394,200.42835553940418
0.7432743333340445,185.21976705579868,200.12568811374592,200.42813976654688
0.7442743333340732,185.22023017593028,200.12746653697255,200.4279241063484
0.745274333334102,185.22066400659227,200.12919936018687,200.4277085608376
0.7462743333341307,185.2210691761124,200.1308875396513,200.42749313199582
0.7472743333341595,185.22144629974005,200.13253201174913,200.42727782175885
0.7482743333341882,185.22179597992064,200.1341336933935,200.42706263201782
0.749274333334217,185.22211880655985,200.13569348243635,200.42684756462066
0.7502750000009164,185.22241546815735,200.13721296539697,200.42663247674818
0.7512750000009452,185.2226846965829,200.13868561148135,200.42641763153998
0.7522750000009739,185.22292674686767,200.1401114051096,200.4262028785265
0.7532750000010027,185.22314220538001,200.14149133617485,200.42598822016222
0.7542750000010314,185.22333164628031,200.14282637398378,200.42577365884594
0.7552750000010602,185.22349563177684,200.1441174676833,200.42555919692248
0.7562750000010889,185.22363471237304,200.14536554667873,200.42534483668405
0.7572750000011177,185.22374942710957,200.1465715210451,200.42513058037
0.7582750000011464,185.22384030380513,200.14773628193024,200.42491643016984
0.7592750000011752,185.22390785928704,200.1488607019448,200.4247023882221
0.760275000001204,185.22395259962113,200.14994563555058,200.4244884566173
0.7612750000012327,185.22397502033542,200.15099191943602,200.42427463739725
0.7622750000012615,185.2239756066386,200.152000372886,200.42406093255892
0.7632750000012902,185.22395483363556,200.15297179814326,200.42384734405132
0.764275000001319,185.22391316653486,200.15390698076376,200.4236338737799
0.7652750000013477,185.22385106085795,200.15480668996153,200.4234205236058
0.7662750000013765,185.2237689626372,200.15567167895094,200.423207295347
0.7672756666680759,185.22366717442824,200.15650230425263,200.4229940420912
0.7682756666681047,185.2235460235101,200.15729454363802,200.42278102349397
0.7692756666681334,185.2234058492899,200.15804939201482,200.4225680971383
0.7702756666681622,185.2232470686253,200.15876764733113,200.42235526543962
0.7712756666681909,185.22307008969048,200.15945009093298,200.4221425307588
0.7722756666682197,185.22287531215514,200.1600974879076,200.4219298954034
0.7732756666682484,185.2226631273631,200.16071058742193,200.42171736162896
0.7742756666682772,185.2224339185026,200.16129012305362,200.42150493163942
0.7752756666683059,185.2221880607779,200.1618368131147,200.42129260758875
0.7762756666683347,185.22192592157447,200.16235136096867,200.42108039158205
0.7772756666683635,185.22164786062223,200.16283445534148,200.42086828567614
0.7782756666683922,185.22135423015393,200.1632867706262,200.42065629188141
0.779275666668421,185.22104537506033,200.16370896718,200.4204444121603
0.7802756666684497,185.2207216330438,200.16410169161736,200.4202326484325
0.7812756666684785,185.22038333476902,200.1644655770936,200.42002100257207
0.7822756666685072,185.22003080400617,200.16480124358515,200.4198094764105
0.783275666668536,185.21966435777614,200.1651092981649,200.41959807173677
0.7842763333352354,185.21928446947192,200.16538930694875,200.41938663368055
0.7852763333352641,185.2188924620224,200.16564000912007,200.419175426426
0.7862763333352929,185.2184883653709,200.16586222477633,200.41896431145017
0.7872763333353217,185.2180724509712,200.1660565691669,200.41875329113068
0.7882763333353504,185.217644984616,200.16622364473452,200.4185423677899
0.7892763333353792,185.21720622655442,200.1663640413772,200.41833154369888
0.7902763333354079,185.21675643160745,200.16647833671195,200.4181208210773
0.7912763333354367,185.21629584928036,200.16656709632812,200.41791020209385
0.7922763333354654,185.21582472387243,200.16663087403967,200.41769968886845
0.7932763333354942,185.2153432945873,200.16667021212731,200.4174892834721
0.7942763333355229,185.21485179563652,200.1666856415793,200.41727898792863
0.7952763333355517,185.21435045634496,200.166677682327,200.41706880421518
0.7962763333355805,185.21383950125147,200.16664684347336,200.416858734265
0.7972763333356092,185.21331915020826,200.16659362351936,200.4166487799659
0.798276333335638,185.2127896184793,200.16651851058182,200.41643894316172
0.7992763333356667,185.21225111683427,200.1664219826126,200.4162292256549
0.8002770000023661,185.2117035532373,200.16630438710982,200.41601948815918
0.8012770000023949,185.21114911816485,200.16616569836006,200.41580998724515
0.8022770000024236,185.21058808625887,200.1660060702631,200.41560057624082
0.8032770000024524,185.21002061271957,200.1658259617748,200.41539125753954
0.8042770000024811,185.2094468495041,200.1656258222897,200.41518203348053
0.8052770000025099,185.20886694539303,200.16540609183778,200.41497290635
0.8062770000025387,185.2082810460562,200.165167201283,200.41476387838247
0.8072770000025674,185.20768929412014,200.1649095725105,200.41455495176209
0.8082770000025962,185.20709182922886,200.16463361861474,200.41434612862338
0.8092770000026249,185.20648878810564,200.1643397440817,200.41413741105154
0.8102770000026537,185.20588030461428,200.16402834496802,200.41392880108472
0.8112770000026824,185.20526650982038,200.16369980907675,200.4137203007146
0.8122770000027112,185.20464753204632,200.16335451612744,200.41351191188718
0.81327700000274,185.20402349692992,200.16299283792586,200.41330363650275
0.8142770000027687,185.20339452748146,200.1626151385269,200.4130954764205
0.8152770000027975,185.20276074413567,200.16222177439641,200.41288743345444
0.8162770000028262,185.20212226480697,200.16181309456928,200.4126795093773
0.8172776666695256,185.20147920692037,200.16138923642976,200.41247156088892
0.8182776666695544,185.2008342301411,200.16095142400513,200.41226384120557
0.8192776666695831,185.20018714508072,200.1604997318725,200.4120562114803
0.8202776666696119,185.19953801105663,200.16003447143524,200.41184867406812
0.8212776666696406,185.19888688613685,200.1595559476034,200.4116412312718
0.8222776666696694,185.1982338271675,200.15906445892765,200.41143388534007
0.8232776666696981,185.19757888979896,200.15856029773167,200.41122663847324
0.8242776666697269,185.19692212850794,200.15804375024084,200.41101949281892
0.8252776666697557,185.19626359662433,200.15751509671014,200.41081245047815
0.8262776666697844,185.19560334635528,200.1569746115467,200.41060551350313
0.8272776666698132,185.19494142880606,200.1564225634334,200.4103986838995
0.8282776666698419,185.19427789400595,200.15585921544562,200.41019196362657
0.8292776666698707,185.1936127909284,200.1552848251708,200.40998535459923
0.8302776666698994,185.192946167513,200.15469964481935,200.40977885868733
0.8312776666699282,185.1922780706897,200.15410392133717,200.40957247772042
0.832277666669957,185.19160854639603,200.15349789651682,200.40936621348334
0.8332776666699857,185.19093763960038,200.1528818071023,200.4091600677201
0.8342783333366851,185.1902660797823,200.15225609574676,200.40895388934763
0.8352783333367139,185.1895961759554,200.15162258658407,200.4087479360404
0.8362783333367426,185.18892747187795,200.15098105957864,200.40854207272537
0.8372783333367714,185.18825995533282,200.1503317025223,200.40833630172006
0.8382783333368001,185.1875936143445,200.14967469928655,200.40813062529048
0.8392783333368289,185.18692843717258,200.14901022989628,200.4079250456499
0.8402783333368576,185.1862644123096,200.1483384706181,200.40771956496258
0.8412783333368864,185.18560152847394,200.14765959403303,200.40751418534347
0.8422783333369152,185.1849397746048,200.14697376911286,200.4073089088592
0.8432783333369439,185.18427913985917,200.14628116129947,200.4071037375293
0.8442783333369727,185.18361961360748,200.14558193257417,200.4068986733271
0.8452783333370014,185.18296118542813,200.14487624153176,200.40669371818112
0.8462783333370302,185.18230384510287,200.14416424345004,200.4064888739753
0.8472783333370589,185.18164758261315,200.14344609035876,200.4062841425508
0.8482783333370877,185.1809923881365,200.1427219311078,200.4060795257049
0.8492783333371164,185.18033825204256,200.14199191143254,200.4058750251951
0.8502790000038158,185.17968482948203,200.141255761464,200.40567050518115
0.8512790000038446,185.1790347675465,200.14051603228947,200.4054662158199
0.8522790000038734,185.17838823934596,200.13977286706603,200.4052620141382
0.8532790000039021,185.17774518141476,200.13902635599933,200.40505790246954
0.8542790000039309,185.1771055315969,200.13827658739987,200.40485388309477
0.8552790000039596,185.17646922901824,200.13752364772466,200.40464995824325
0.8562790000039884,185.1758362140589,200.13676762161694,200.40444613009402
0.8572790000040171,185.17520642832918,200.136008591939,200.40424240077624
0.8582790000040459,185.17457981464122,200.13524663981468,200.404038772371
0.8592790000040746,185.17395631698827,200.13448184466296,200.40383524691242
0.8602790000041034,185.1733358805155,200.133714284234,200.40363182638734
0.8612790000041322,185.17271845149835,200.13294403464275,200.40342851273758
0.8622790000041609,185.1721039773195,200.13217117040318,200.4032253078607
0.8632790000041897,185.17149240644437,200.13139576446397,200.4030222136106
0.8642790000042184,185.17088368840083,200.13061788823856,200.40281923180027
0.8652790000042472,185.17027777375446,200.1298376116368,200.4026163641955
0.8662790000042759,185.1696746140891,200.1290550030979,200.40241361252671
0.8672796666709753,185.16907421683473,200.12827005673148,200.4022108370169
0.8682796666710041,185.168479098833,200.1274856351146,200.40200828459766
0.8692796666710328,185.16788894426986,200.12670140991224,200.40180581990342
0.8702796666710616,185.16730365739866,200.12591739313996,200.4016034452304
0.8712796666710904,185.16672314445586,200.12513359654625,200.40140116282333
0.8722796666711191,185.1661473136189,200.12435003162108,200.4011989748761
0.8732796666711479,185.16557607496503,200.12356670959835,200.40099688353305
0.8742796666711766,185.16500934043407,200.12278364146263,200.400794890889
0.8752796666712054,185.1644470237876,200.12200083795437,200.40059299899272
0.8762796666712341,185.16388904057274,200.12121830957463,200.40039120984494
0.8772796666712629,185.163335308083,200.120436066591,200.4001895254012
0.8782796666712916,185.16278574532524,200.11965411904086,200.39998794757236
0.8792796666713204,185.1622402729806,200.11887247673744,200.39978647822548
0.8802796666713492,185.16169881337188,200.1180911492737,200.39958511918462
0.8812796666713779,185.1611612904289,200.11731014602736,200.39938387223393
0.8822796666714067,185.16062762965402,200.11652947616616,200.3991827391105
0.8832796666714354,185.16009775809172,200.1157491486504,200.39898172151717
0.8842803333381348,185.15957222754037,200.11496978353432,200.398780672065
0.8852803333381636,185.15905283544873,200.11419378508413,200.39857984207993
0.8862803333381923,185.15853911775469,200.11342059093636,200.3983790998522
0.8872803333382211,185.15803096165425,200.11265015612864,200.39817844764207
0.8882803333382499,185.1575282566815,200.11188243662036,200.39797788765833
0.8892803333382786,185.15703089466217,200.1111173892732,200.39777742206033
0.8902803333383074,185.15653876966397,200.11035497183147,200.39757705295764
0.8912803333383361,185.15605177795132,200.10959514290442,200.39737678241207
0.8922803333383649,185.15556981793918,200.1088378619488,200.3971766124396
0.8932803333383936,185.15509279014893,200.10808308924967,200.39697654500907
0.8942803333384224,185.15462059716316,200.107330785905,200.39677658204488
0.8952803333384511,185.15415314358538,200.10658091380802,200.39657672542742
0.8962803333384799,185.1536903359949,200.10583343562965,200.39637697699328
0.8972803333385087,185.15323208290835,200.10508831480394,200.39617733853729
0.8982803333385374,185.1527782947376,200.1043455155125,200.39597781181342
0.8992803333385662,185.15232888375223,200.10360500266702,200.39577839853513
0.9002810000052656,185.15188354255227,200.10286634853287,200.39557896622188
0.9012810000052943,185.15144408663915,200.10213223837644,200.39537975877818
0.9022810000053231,185.15101058420456,200.1014027422229,200.39518063683752
0.9032810000053518,185.1505829147042,200.1006777748248,200.3949816026746
0.9042810000053806,185.15016096009666,200.09995725269394,200.3947826585138
0.9052810000054093,185.1497446047897,200.09924109406802,200.39458380652854
0.9062810000054381,185.14933373559217,200.09852921887142,200.39438504884407
0.9072810000054669,185.1489282416594,200.09782154868353,200.39418638753625
0.9082810000054956,185.14852801444943,200.09711800670274,200.39398782463414
0.9092810000055244,185.14813294767086,200.09641851771212,200.39378936212128
0.9102810000055531,185.14774293723755,200.09572300804817,200.39359100193505
0.9112810000055819,185.14735788122633,200.09503140556666,200.3933927459692
0.9122810000056106,185.14697767982585,200.09434363961284,200.39319459607404
0.9132810000056394,185.14660223529646,200.09365964098916,200.39299655405662
0.9142810000056681,185.14623145192832,200.09297934192563,200.39279862168334
0.9152810000056969,185.14586523599561,200.09230267605065,200.39260080067973
0.9162810000057257,185.1455034957177,200.09162957836125,200.39240309273012
0.9172816666724251,185.14514619576613,200.09095997785232,200.39220536149554
0.9182816666724538,185.1447948469869,200.09029639199932,200.39200784778268
0.9192816666724826,185.14444920569764,200.08963843571675,200.39181041961479
0.9202816666725113,185.14410915488241,200.08898600017253,200.39161307923334
0.9212816666725401,185.1437745799563,200.08833897878637,200.39141582882678
0.9222816666725688,185.14344536871369,200.0876972671858,200.39121867053427
0.9232816666725976,185.1431214112782,200.08706076315818,200.39102160644643
0.9242816666726263,185.14280260005629,200.0864293666085,200.39082463860706
0.9252816666726551,185.1424888296887,200.08580297951252,200.39062776901244
0.9262816666726839,185.14217999700364,200.0851815058749,200.39043099961455
0.9272816666727126,185.1418760009715,200.08456485168733,200.39023433231964
0.9282816666727414,185.14157674266187,200.0839529248877,200.39003776899145
0.9292816666727701,185.14128212519682,200.08334563531866,200.3898413114497
0.9302816666727989,185.1409920537124,200.08274289468739,200.38964496147364
0.9312816666728276,185.14070643531255,200.08214461652838,200.38944872080089
0.9322816666728564,185.1404251790308,200.08155071616588,200.38925259112915
0.9332816666728851,185.1401481957899,200.08096111067437,200.38905657411777
0.9342823333395845,185.13987576313892,200.0803762594597,200.38886052597994
0.9352823333396133,185.13960880790242,200.07979796903862,200.38866469185004
0.9362823333396421,185.13934703875987,200.079225728228,200.38846894329973
0.9372823333396708,185.13909034829845,200.0786594172739,200.3882732825322
0.9382823333396996,185.1388386313381,200.07809891890537,200.38807771170124
0.9392823333397283,185.13859178488397,200.07754411828338,200.387882232912
0.9402823333397571,185.1383497080807,200.0769949029475,200.38768684822224
0.9412823333397858,185.13811230216893,200.07645116277132,200.387491559642
0.9422823333398146,185.13787947044204,200.07591278990813,200.38729636913635
0.9432823333398433,185.13765111820138,200.07537967874842,200.38710127862612
0.9442823333398721,185.13742715271664,200.07485172587056,200.38690628998717
0.9452823333399009,185.13720748318434,200.07432882999626,200.38671140505272
0.9462823333399296,185.13699202068682,200.07381089194706,200.38651662561423
0.9472823333399584,185.13678067815468,200.07329781459717,200.38632195342197
0.9482823333399871,185.13657337032706,200.0727895028362,200.38612739018566
0.9492823333400159,185.13637001371515,200.0722858635234,200.38593293757583
0.9502830000067153,185.13617043115303,200.07178654537407,200.38573846638957
0.951283000006744,185.1359754424368,200.07129336623242,200.38554421443666
0.9522830000067728,185.13578505110354,200.0708063279312,200.38535004586333
0.9532830000068016,185.1355991610681,200.07032530696193,200.3851559628896
0.9542830000068303,185.1354176782437,200.06985018237873,200.3849619676834
0.9552830000068591,185.13524051049902,200.0693808357455,200.38476806236432
0.9562830000068878,185.13506756761748,200.06891715108202,200.38457424900406
0.9572830000069166,185.13489876125948,200.06845901481597,200.38438052962744
0.9582830000069453,185.13473400491995,200.06800631572932,200.3841869062128
0.9592830000069741,185.13457321389245,200.0675589449129,200.3839933806936
0.9602830000070028,185.13441630523164,200.06711679571575,200.38379995495978
0.9612830000070316,185.1342631977168,200.06667976369934,200.3836066308576
0.9622830000070604,185.1341138118153,200.06624774659127,200.3834134101906
0.9632830000070891,185.13396806964803,200.0658206442402,200.38322029472158
0.9642830000071179,185.1338258949539,200.0653983585732,200.38302728617296
0.9652830000071466,185.13368721305832,200.06498079355026,200.3828343862271
0.9662830000071754,185.13355195083787,200.0645678551235,200.3826415965269
0.9672836666738748,185.1334200701602,200.06415945930266,200.38244878408358
0.9682836666739035,185.1332921369617,200.0637571271582,200.38225618372843
0.9692836666739323,185.1331680267678,200.063360573635,200.38206366679825
0.970283666673961,185.1330476589679,200.06296968122754,200.38187123547354
0.9712836666739898,185.13293095462802,200.06258433486798,200.38167889188978
0.9722836666740186,185.13281783645525,200.06220442187924,200.38148663813283
0.9732836666740473,185.13270822876328,200.06182983192153,200.3812944762419
0.9742836666740761,185.13260205744234,200.06146045694754,200.38110240820893
0.9752836666741048,185.1324992499208,200.06109619115054,200.38091043598067
0.9762836666741336,185.1323997351391,200.06073693092145,200.38071856146027
0.9772836666741623,185.13230344351356,200.06038257480154,200.38052678650706
0.9782836666741911,185.13221030690858,200.06003302343802,200.38033511293747
0.9792836666742198,185.13212025860625,200.05968817953956,200.3801435425268
0.9802836666742486,185.13203323327477,200.0593479478342,200.37995207700936
0.9812836666742774,185.1319491669417,200.05901223502846,200.37976071807987
0.9822836666743061,185.13186799696575,200.05868094976387,200.37956946739325
0.9832836666743349,185.13178966200826,200.05835400257774,200.37937832656684
0.9842843333410343,185.13171423207055,200.05803161541738,200.37918715533203
0.985284333341063,185.13164196096122,200.05771475039077,200.3789961927833
0.9862843333410918,185.13157273175085,200.05740308349158,200.37880531368862
0.9872843333411205,185.13150647968467,200.0570965080818,200.37861452019752
0.9882843333411493,185.13144314135783,200.05679491973888,200.3784238144101
0.989284333341178,185.13138265468234,200.05649821620835,200.37823319837887
0.9902843333412068,185.13132495886222,200.0562062973598,200.37804267411008
0.9912843333412356,185.1312699943671,200.05591906514152,200.37785224356426
0.9922843333412643,185.13121770290533,200.05563642353954,200.37766190865779
0.9932843333412931,185.13116802739734,200.0553582785326,200.37747167126258
0.9942843333413218,185.13112091195268,200.05508453805137,200.37728153320776
0.9952843333413506,185.13107630184234,200.05481511193983,200.3770914962817
0.9962843333413793,185.13103414347736,200.05454991191397,200.37690156223087
0.9972843333414081,185.13099438438323,200.05428885152216,200.37671173276206
0.9982843333414368,185.13095697317766,200.05403184610873,200.37652200954244
0.9992843333414656,185.13092185954747,200.05377881277562,200.37633239420038